id,shop_id,category,title,description,status,resolution,customer_id,supplier_id,product_id,opened_at,resolved_at
CASE-0001,SHOP-001,stock_discrepancy,Basmati rice count short,Monthly count found 6 fewer packets of Basmati Rice 1kg than the records.,open,,,,PRD-0002,2026-09-28T20:00:00+05:30,
CASE-0002,SHOP-003,supplier_issue,Short delivery of A4 paper,PaperWorld Wholesale delivered 20 of 30 reams ordered.,open,,,SUP-008,PRD-0055,2026-09-26T11:00:00+05:30,
CASE-0003,SHOP-002,credit_dispute,Possible duplicate UPI payment entry,"Two Rs 6,000 payments with UPI ref 417893562210 were entered on the same day.",open,,CUST-0026,,,2026-09-22T10:00:00+05:30,
CASE-0004,SHOP-001,credit_dispute,Long-overdue credit balance,Customer has not paid for over 50 days despite three reminders.,open,,CUST-0002,,,2026-09-25T18:00:00+05:30,
CASE-0005,SHOP-005,returns,Earbuds returned as defective,Customer returned Bluetooth Earbuds: left earbud not charging.,open,,,,PRD-0109,2026-09-26T12:00:00+05:30,
CASE-0006,SHOP-002,supplier_issue,Cement delivery overdue,Deccan Hardware Distributors has not delivered the cement order due a week ago.,open,,,SUP-004,PRD-0030,2026-09-29T09:00:00+05:30,
CASE-0007,SHOP-025,returns,Return on SALE-000032,Customer returned items from SALE-000032: item defective.,resolved,Refunded within 7 days as per POL-RETURNS-001.,CUST-0505,,,2026-07-02T12:00:00+05:30,2026-07-02T13:00:00+05:30
CASE-0008,SHOP-023,returns,Return on SALE-000027,Customer returned items from SALE-000027: item defective.,resolved,Refunded within 7 days as per POL-RETURNS-001.,CUST-0474,,,2026-07-07T12:00:00+05:30,2026-07-07T13:00:00+05:30
CASE-0009,SHOP-039,returns,Return on SALE-000172,Customer returned items from SALE-000172: item defective.,resolved,Refunded within 7 days as per POL-RETURNS-001.,,,,2026-07-08T12:00:00+05:30,2026-07-08T13:00:00+05:30
CASE-0010,SHOP-044,returns,Return on SALE-000045,Customer returned items from SALE-000045: bought by mistake.,resolved,Refunded within 7 days as per POL-RETURNS-001.,,,,2026-07-08T12:00:00+05:30,2026-07-08T13:00:00+05:30
CASE-0011,SHOP-036,returns,Return on SALE-000225,Customer returned items from SALE-000225: wrong size bought.,resolved,Refunded within 7 days as per POL-RETURNS-001.,CUST-0745,,,2026-07-09T12:00:00+05:30,2026-07-09T13:00:00+05:30
CASE-0012,SHOP-002,returns,Return on SALE-000298,Customer returned items from SALE-000298: duplicate purchase.,resolved,Refunded within 7 days as per POL-RETURNS-001.,,,,2026-07-10T12:00:00+05:30,2026-07-10T13:00:00+05:30
CASE-0013,SHOP-046,returns,Return on SALE-000402,Customer returned items from SALE-000402: wrong size bought.,resolved,Refunded within 7 days as per POL-RETURNS-001.,CUST-0942,,,2026-07-10T12:00:00+05:30,2026-07-10T13:00:00+05:30
CASE-0014,SHOP-025,returns,Return on SALE-000502,Customer returned items from SALE-000502: item defective.,resolved,Refunded within 7 days as per POL-RETURNS-001.,,,,2026-07-11T12:00:00+05:30,2026-07-11T13:00:00+05:30
CASE-0015,SHOP-004,returns,Return on SALE-000299,Customer returned items from SALE-000299: item defective.,resolved,Refunded within 7 days as per POL-RETURNS-001.,,,,2026-07-12T12:00:00+05:30,2026-07-12T13:00:00+05:30
CASE-0016,SHOP-038,returns,Return on SALE-000340,Customer returned items from SALE-000340: duplicate purchase.,resolved,Refunded within 7 days as per POL-RETURNS-001.,,,,2026-07-14T12:00:00+05:30,2026-07-14T13:00:00+05:30
CASE-0017,SHOP-043,returns,Return on SALE-000725,Customer returned items from SALE-000725: duplicate purchase.,resolved,Refunded within 7 days as per POL-RETURNS-001.,,,,2026-07-14T12:00:00+05:30,2026-07-14T13:00:00+05:30
CASE-0018,SHOP-005,returns,Return on SALE-000409,Customer returned items from SALE-000409: item defective.,resolved,Refunded within 7 days as per POL-RETURNS-001.,CUST-0094,,,2026-07-16T12:00:00+05:30,2026-07-16T13:00:00+05:30
CASE-0019,SHOP-030,returns,Return on SALE-000830,Customer returned items from SALE-000830: item defective.,resolved,Refunded within 7 days as per POL-RETURNS-001.,CUST-0621,,,2026-07-16T12:00:00+05:30,2026-07-16T13:00:00+05:30
CASE-0020,SHOP-050,returns,Return on SALE-000732,Customer returned items from SALE-000732: item defective.,resolved,Refunded within 7 days as per POL-RETURNS-001.,,,,2026-07-17T12:00:00+05:30,2026-07-17T13:00:00+05:30
CASE-0021,SHOP-002,returns,Return on SALE-000926,Customer returned items from SALE-000926: bought by mistake.,resolved,Refunded within 7 days as per POL-RETURNS-001.,,,,2026-07-18T12:00:00+05:30,2026-07-18T13:00:00+05:30
CASE-0022,SHOP-011,returns,Return on SALE-000872,Customer returned items from SALE-000872: duplicate purchase.,resolved,Refunded within 7 days as per POL-RETURNS-001.,,,,2026-07-18T12:00:00+05:30,2026-07-18T13:00:00+05:30
CASE-0023,SHOP-027,returns,Return on SALE-000706,Customer returned items from SALE-000706: bought by mistake.,resolved,Refunded within 7 days as per POL-RETURNS-001.,CUST-0568,,,2026-07-18T12:00:00+05:30,2026-07-18T13:00:00+05:30
CASE-0024,SHOP-024,returns,Return on SALE-000641,Customer returned items from SALE-000641: duplicate purchase.,resolved,Refunded within 7 days as per POL-RETURNS-001.,CUST-0489,,,2026-07-19T12:00:00+05:30,2026-07-19T13:00:00+05:30
CASE-0025,SHOP-044,returns,Return on SALE-000666,Customer returned items from SALE-000666: item defective.,resolved,Refunded within 7 days as per POL-RETURNS-001.,CUST-0900,,,2026-07-19T12:00:00+05:30,2026-07-19T13:00:00+05:30
CASE-0026,SHOP-003,supplier_issue,Late delivery on PO-00021,PaperWorld Wholesale delivered PO-00021 3 day(s) late.,resolved,Called the supplier; delivery arrived. Noted for supplier review.,,SUP-008,,2026-07-24T09:00:00+05:30,2026-07-24T17:00:00+05:30
CASE-0027,SHOP-001,returns,Return on SALE-000855,Customer returned items from SALE-000855: item defective.,resolved,Refunded within 7 days as per POL-RETURNS-001.,,,,2026-07-21T12:00:00+05:30,2026-07-21T13:00:00+05:30
CASE-0028,SHOP-024,returns,Return on SALE-001141,Customer returned items from SALE-001141: duplicate purchase.,resolved,Refunded within 7 days as per POL-RETURNS-001.,,,,2026-07-21T12:00:00+05:30,2026-07-21T13:00:00+05:30
CASE-0029,SHOP-020,supplier_issue,Late delivery on PO-00030,Shree Balaji Traders delivered PO-00030 2 day(s) late.,resolved,Called the supplier; delivery arrived. Noted for supplier review.,,SUP-001,,2026-07-25T09:00:00+05:30,2026-07-25T17:00:00+05:30
CASE-0030,SHOP-025,supplier_issue,Late delivery on PO-00031,Deccan Hardware Distributors delivered PO-00031 3 day(s) late.,resolved,Called the supplier; delivery arrived. Noted for supplier review.,,SUP-004,,2026-07-29T09:00:00+05:30,2026-07-29T17:00:00+05:30
CASE-0031,SHOP-013,returns,Return on SALE-001002,Customer returned items from SALE-001002: duplicate purchase.,resolved,Refunded within 7 days as per POL-RETURNS-001.,CUST-0262,,,2026-07-22T12:00:00+05:30,2026-07-22T13:00:00+05:30
CASE-0032,SHOP-044,supplier_issue,Late delivery on PO-00038,Nandi Milk Co-operative delivered PO-00038 1 day(s) late.,resolved,Called the supplier; delivery arrived. Noted for supplier review.,,SUP-009,,2026-07-25T09:00:00+05:30,2026-07-25T17:00:00+05:30
CASE-0033,SHOP-026,supplier_issue,Short delivery on PO-00027,Metro FMCG Agency delivered fewer units than ordered on PO-00027.,resolved,Supplier issued a credit note for the missing units against the next invoice (SOP-SHORT-001).,,SUP-003,,2026-07-24T11:00:00+05:30,2026-07-27T16:00:00+05:30
CASE-0034,SHOP-020,supplier_issue,Short delivery on PO-00032,Shree Balaji Traders delivered fewer units than ordered on PO-00032.,resolved,Supplier issued a credit note for the missing units against the next invoice (SOP-SHORT-001).,,SUP-001,,2026-07-24T11:00:00+05:30,2026-07-27T16:00:00+05:30
CASE-0035,SHOP-012,returns,Return on SALE-001326,Customer returned items from SALE-001326: item defective.,resolved,Refunded within 7 days as per POL-RETURNS-001.,CUST-0247,,,2026-07-25T12:00:00+05:30,2026-07-25T13:00:00+05:30
CASE-0036,SHOP-036,supplier_issue,Late delivery on PO-00043,Shree Balaji Traders delivered PO-00043 2 day(s) late.,resolved,Called the supplier; delivery arrived. Noted for supplier review.,,SUP-001,,2026-07-29T09:00:00+05:30,2026-07-29T17:00:00+05:30
CASE-0037,SHOP-050,supplier_issue,Late delivery on PO-00048,Annapurna Foods Distributors delivered PO-00048 3 day(s) late.,resolved,Called the supplier; delivery arrived. Noted for supplier review.,,SUP-002,,2026-08-01T09:00:00+05:30,2026-08-01T17:00:00+05:30
CASE-0038,SHOP-043,returns,Return on SALE-001426,Customer returned items from SALE-001426: item defective.,resolved,Refunded within 7 days as per POL-RETURNS-001.,CUST-0886,,,2026-07-27T12:00:00+05:30,2026-07-27T13:00:00+05:30
CASE-0039,SHOP-035,supplier_issue,Late delivery on PO-00051,TechLink Accessories Wholesale delivered PO-00051 1 day(s) late.,resolved,Called the supplier; delivery arrived. Noted for supplier review.,,SUP-011,,2026-08-03T09:00:00+05:30,2026-08-03T17:00:00+05:30
CASE-0040,SHOP-003,returns,Return on SALE-001375,Customer returned items from SALE-001375: bought by mistake.,resolved,Refunded within 7 days as per POL-RETURNS-001.,CUST-0046,,,2026-07-28T12:00:00+05:30,2026-07-28T13:00:00+05:30
CASE-0041,SHOP-020,returns,Return on SALE-001400,Customer returned items from SALE-001400: wrong size bought.,resolved,Refunded within 7 days as per POL-RETURNS-001.,CUST-0400,,,2026-07-28T12:00:00+05:30,2026-07-28T13:00:00+05:30
CASE-0042,SHOP-026,returns,Return on SALE-001406,Customer returned items from SALE-001406: duplicate purchase.,resolved,Refunded within 7 days as per POL-RETURNS-001.,CUST-0544,,,2026-07-28T12:00:00+05:30,2026-07-28T13:00:00+05:30
CASE-0043,SHOP-038,returns,Return on SALE-001478,Customer returned items from SALE-001478: bought by mistake.,resolved,Refunded within 7 days as per POL-RETURNS-001.,CUST-0785,,,2026-07-28T12:00:00+05:30,2026-07-28T13:00:00+05:30
CASE-0044,SHOP-023,supplier_issue,Late delivery on PO-00056,Shree Balaji Traders delivered PO-00056 1 day(s) late.,resolved,Called the supplier; delivery arrived. Noted for supplier review.,,SUP-001,,2026-07-31T09:00:00+05:30,2026-07-31T17:00:00+05:30
CASE-0045,SHOP-025,supplier_issue,Short delivery on PO-00031,Deccan Hardware Distributors delivered fewer units than ordered on PO-00031.,resolved,Supplier issued a credit note for the missing units against the next invoice (SOP-SHORT-001).,,SUP-004,,2026-07-29T11:00:00+05:30,2026-08-01T16:00:00+05:30
CASE-0046,SHOP-010,returns,Return on SALE-001441,Customer returned items from SALE-001441: wrong size bought.,resolved,Refunded within 7 days as per POL-RETURNS-001.,,,,2026-07-29T12:00:00+05:30,2026-07-29T13:00:00+05:30
CASE-0047,SHOP-032,supplier_issue,Short delivery on PO-00059,Shree Balaji Traders delivered fewer units than ordered on PO-00059.,resolved,Supplier issued a credit note for the missing units against the next invoice (SOP-SHORT-001).,,SUP-001,,2026-07-30T11:00:00+05:30,2026-08-02T16:00:00+05:30
CASE-0048,SHOP-008,supplier_issue,Late delivery on PO-00066,Colorline Paints Depot delivered PO-00066 3 day(s) late.,resolved,Called the supplier; delivery arrived. Noted for supplier review.,,SUP-005,,2026-08-06T09:00:00+05:30,2026-08-06T17:00:00+05:30
CASE-0049,SHOP-019,supplier_issue,Late delivery on PO-00068,Deccan Hardware Distributors delivered PO-00068 2 day(s) late.,resolved,Called the supplier; delivery arrived. Noted for supplier review.,,SUP-004,,2026-08-06T09:00:00+05:30,2026-08-06T17:00:00+05:30
CASE-0050,SHOP-036,supplier_issue,Late delivery on PO-00072,Annapurna Foods Distributors delivered PO-00072 3 day(s) late.,resolved,Called the supplier; delivery arrived. Noted for supplier review.,,SUP-002,,2026-08-05T09:00:00+05:30,2026-08-05T17:00:00+05:30
CASE-0051,SHOP-035,returns,Return on SALE-001537,Customer returned items from SALE-001537: duplicate purchase.,resolved,Refunded within 7 days as per POL-RETURNS-001.,,,,2026-07-31T12:00:00+05:30,2026-07-31T13:00:00+05:30
CASE-0052,SHOP-050,supplier_issue,Short delivery on PO-00048,Annapurna Foods Distributors delivered fewer units than ordered on PO-00048.,resolved,Supplier issued a credit note for the missing units against the next invoice (SOP-SHORT-001).,,SUP-002,,2026-08-01T11:00:00+05:30,2026-08-04T16:00:00+05:30
CASE-0053,SHOP-044,supplier_issue,Late delivery on PO-00086,Nandi Milk Co-operative delivered PO-00086 1 day(s) late.,resolved,Called the supplier; delivery arrived. Noted for supplier review.,,SUP-009,,2026-08-04T09:00:00+05:30,2026-08-04T17:00:00+05:30
CASE-0054,SHOP-035,supplier_issue,Short delivery on PO-00051,TechLink Accessories Wholesale delivered fewer units than ordered on PO-00051.,resolved,Supplier issued a credit note for the missing units against the next invoice (SOP-SHORT-001).,,SUP-011,,2026-08-03T11:00:00+05:30,2026-08-06T16:00:00+05:30
CASE-0055,SHOP-047,returns,Return on SALE-001621,Customer returned items from SALE-001621: item defective.,resolved,Refunded within 7 days as per POL-RETURNS-001.,CUST-0968,,,2026-08-03T12:00:00+05:30,2026-08-03T13:00:00+05:30
CASE-0056,SHOP-024,supplier_issue,Short delivery on PO-00088,Golden Crust Bakery Supplies delivered fewer units than ordered on PO-00088.,resolved,Supplier issued a credit note for the missing units against the next invoice (SOP-SHORT-001).,,SUP-010,,2026-08-04T11:00:00+05:30,2026-08-07T16:00:00+05:30
CASE-0057,SHOP-028,supplier_issue,Short delivery on PO-00089,Golden Crust Bakery Supplies delivered fewer units than ordered on PO-00089.,resolved,Supplier issued a credit note for the missing units against the next invoice (SOP-SHORT-001).,,SUP-010,,2026-08-04T11:00:00+05:30,2026-08-07T16:00:00+05:30
CASE-0058,SHOP-003,returns,Return on SALE-002058,Customer returned items from SALE-002058: bought by mistake.,resolved,Refunded within 7 days as per POL-RETURNS-001.,CUST-0048,,,2026-08-05T12:00:00+05:30,2026-08-05T13:00:00+05:30
CASE-0059,SHOP-013,returns,Return on SALE-002011,Customer returned items from SALE-002011: duplicate purchase.,resolved,Refunded within 7 days as per POL-RETURNS-001.,CUST-0262,,,2026-08-05T12:00:00+05:30,2026-08-05T13:00:00+05:30
CASE-0060,SHOP-020,supplier_issue,Late delivery on PO-00102,Metro FMCG Agency delivered PO-00102 3 day(s) late.,resolved,Called the supplier; delivery arrived. Noted for supplier review.,,SUP-003,,2026-08-12T09:00:00+05:30,2026-08-12T17:00:00+05:30
CASE-0061,SHOP-011,supplier_issue,Short delivery on PO-00094,Shree Balaji Traders delivered fewer units than ordered on PO-00094.,resolved,Supplier issued a credit note for the missing units against the next invoice (SOP-SHORT-001).,,SUP-001,,2026-08-06T11:00:00+05:30,2026-08-09T16:00:00+05:30
CASE-0062,SHOP-028,supplier_issue,Short delivery on PO-00103,Nandi Milk Co-operative delivered fewer units than ordered on PO-00103.,resolved,Supplier issued a credit note for the missing units against the next invoice (SOP-SHORT-001).,,SUP-009,,2026-08-06T11:00:00+05:30,2026-08-09T16:00:00+05:30
CASE-0063,SHOP-047,returns,Return on SALE-002052,Customer returned items from SALE-002052: wrong size bought.,resolved,Refunded within 7 days as per POL-RETURNS-001.,,,,2026-08-06T12:00:00+05:30,2026-08-06T13:00:00+05:30
CASE-0064,SHOP-033,supplier_issue,Late delivery on PO-00109,Golden Crust Bakery Supplies delivered PO-00109 1 day(s) late.,resolved,Called the supplier; delivery arrived. Noted for supplier review.,,SUP-010,,2026-08-08T09:00:00+05:30,2026-08-08T17:00:00+05:30
CASE-0065,SHOP-034,returns,Return on SALE-001980,Customer returned items from SALE-001980: item defective.,resolved,Refunded within 7 days as per POL-RETURNS-001.,CUST-0690,,,2026-08-07T12:00:00+05:30,2026-08-07T13:00:00+05:30
CASE-0066,SHOP-033,supplier_issue,Short delivery on PO-00109,Golden Crust Bakery Supplies delivered fewer units than ordered on PO-00109.,resolved,Supplier issued a credit note for the missing units against the next invoice (SOP-SHORT-001).,,SUP-010,,2026-08-08T11:00:00+05:30,2026-08-11T16:00:00+05:30
CASE-0067,SHOP-007,returns,Return on SALE-002130,Customer returned items from SALE-002130: wrong size bought.,resolved,Refunded within 7 days as per POL-RETURNS-001.,CUST-0136,,,2026-08-08T12:00:00+05:30,2026-08-08T13:00:00+05:30
CASE-0068,SHOP-033,supplier_issue,Late delivery on PO-00123,Nandi Milk Co-operative delivered PO-00123 1 day(s) late.,resolved,Called the supplier; delivery arrived. Noted for supplier review.,,SUP-009,,2026-08-10T09:00:00+05:30,2026-08-10T17:00:00+05:30
CASE-0069,SHOP-018,returns,Return on SALE-002343,Customer returned items from SALE-002343: item defective.,resolved,Refunded within 7 days as per POL-RETURNS-001.,,,,2026-08-10T12:00:00+05:30,2026-08-10T13:00:00+05:30
CASE-0070,SHOP-039,returns,Return on SALE-002109,Customer returned items from SALE-002109: item defective.,resolved,Refunded within 7 days as per POL-RETURNS-001.,,,,2026-08-10T12:00:00+05:30,2026-08-10T13:00:00+05:30
CASE-0071,SHOP-022,returns,Return on SALE-002404,Customer returned items from SALE-002404: item defective.,resolved,Refunded within 7 days as per POL-RETURNS-001.,,,,2026-08-11T12:00:00+05:30,2026-08-11T13:00:00+05:30
CASE-0072,SHOP-012,returns,Return on SALE-002517,Customer returned items from SALE-002517: item defective.,resolved,Refunded within 7 days as per POL-RETURNS-001.,,,,2026-08-12T12:00:00+05:30,2026-08-12T13:00:00+05:30
CASE-0073,SHOP-011,supplier_issue,Late delivery on PO-00142,Shree Balaji Traders delivered PO-00142 1 day(s) late.,resolved,Called the supplier; delivery arrived. Noted for supplier review.,,SUP-001,,2026-08-15T09:00:00+05:30,2026-08-15T17:00:00+05:30
CASE-0074,SHOP-043,returns,Return on SALE-002429,Customer returned items from SALE-002429: wrong size bought.,resolved,Refunded within 7 days as per POL-RETURNS-001.,,,,2026-08-13T12:00:00+05:30,2026-08-13T13:00:00+05:30
CASE-0075,SHOP-018,supplier_issue,Late delivery on PO-00152,Golden Crust Bakery Supplies delivered PO-00152 1 day(s) late.,resolved,Called the supplier; delivery arrived. Noted for supplier review.,,SUP-010,,2026-08-15T09:00:00+05:30,2026-08-15T17:00:00+05:30
CASE-0076,SHOP-013,supplier_issue,Short delivery on PO-00138,Annapurna Foods Distributors delivered fewer units than ordered on PO-00138.,resolved,Supplier issued a credit note for the missing units against the next invoice (SOP-SHORT-001).,,SUP-002,,2026-08-14T11:00:00+05:30,2026-08-17T16:00:00+05:30
CASE-0077,SHOP-013,returns,Return on SALE-002518,Customer returned items from SALE-002518: bought by mistake.,resolved,Refunded within 7 days as per POL-RETURNS-001.,,,,2026-08-14T12:00:00+05:30,2026-08-14T13:00:00+05:30
CASE-0078,SHOP-032,returns,Return on SALE-002729,Customer returned items from SALE-002729: item defective.,resolved,Refunded within 7 days as per POL-RETURNS-001.,,,,2026-08-14T12:00:00+05:30,2026-08-14T13:00:00+05:30
CASE-0079,SHOP-041,returns,Return on SALE-002489,Customer returned items from SALE-002489: bought by mistake.,resolved,Refunded within 7 days as per POL-RETURNS-001.,,,,2026-08-14T12:00:00+05:30,2026-08-14T13:00:00+05:30
CASE-0080,SHOP-020,supplier_issue,Late delivery on PO-00162,Annapurna Foods Distributors delivered PO-00162 3 day(s) late.,resolved,Called the supplier; delivery arrived. Noted for supplier review.,,SUP-002,,2026-08-20T09:00:00+05:30,2026-08-20T17:00:00+05:30
CASE-0081,SHOP-045,supplier_issue,Late delivery on PO-00167,Annapurna Foods Distributors delivered PO-00167 1 day(s) late.,resolved,Called the supplier; delivery arrived. Noted for supplier review.,,SUP-002,,2026-08-18T09:00:00+05:30,2026-08-18T17:00:00+05:30
CASE-0082,SHOP-026,returns,Return on SALE-002787,Customer returned items from SALE-002787: duplicate purchase.,resolved,Refunded within 7 days as per POL-RETURNS-001.,,,,2026-08-16T12:00:00+05:30,2026-08-16T13:00:00+05:30
CASE-0083,SHOP-014,supplier_issue,Late delivery on PO-00174,Deccan Hardware Distributors delivered PO-00174 3 day(s) late.,resolved,Called the supplier; delivery arrived. Noted for supplier review.,,SUP-004,,2026-08-24T09:00:00+05:30,2026-08-24T17:00:00+05:30
CASE-0084,SHOP-033,returns,Return on SALE-002795,Customer returned items from SALE-002795: wrong size bought.,resolved,Refunded within 7 days as per POL-RETURNS-001.,,,,2026-08-17T12:00:00+05:30,2026-08-17T13:00:00+05:30
CASE-0085,SHOP-045,supplier_issue,Late delivery on PO-00189,Metro FMCG Agency delivered PO-00189 1 day(s) late.,resolved,Called the supplier; delivery arrived. Noted for supplier review.,,SUP-003,,2026-08-22T09:00:00+05:30,2026-08-22T17:00:00+05:30
CASE-0086,SHOP-011,returns,Return on SALE-002829,Customer returned items from SALE-002829: duplicate purchase.,resolved,Refunded within 7 days as per POL-RETURNS-001.,,,,2026-08-18T12:00:00+05:30,2026-08-18T13:00:00+05:30
CASE-0087,SHOP-017,returns,Return on SALE-002965,Customer returned items from SALE-002965: item defective.,resolved,Refunded within 7 days as per POL-RETURNS-001.,CUST-0324,,,2026-08-18T12:00:00+05:30,2026-08-18T13:00:00+05:30
CASE-0088,SHOP-017,supplier_issue,Late delivery on PO-00192,Shree Balaji Traders delivered PO-00192 3 day(s) late.,resolved,Called the supplier; delivery arrived. Noted for supplier review.,,SUP-001,,2026-08-23T09:00:00+05:30,2026-08-23T17:00:00+05:30
CASE-0089,SHOP-035,supplier_issue,Short delivery on PO-00175,Volt Mobile Distributors delivered fewer units than ordered on PO-00175.,resolved,Supplier issued a credit note for the missing units against the next invoice (SOP-SHORT-001).,,SUP-012,,2026-08-20T11:00:00+05:30,2026-08-23T16:00:00+05:30
CASE-0090,SHOP-007,returns,Return on SALE-002824,Customer returned items from SALE-002824: bought by mistake.,resolved,Refunded within 7 days as per POL-RETURNS-001.,,,,2026-08-20T12:00:00+05:30,2026-08-20T13:00:00+05:30
CASE-0091,SHOP-010,returns,Return on SALE-003015,Customer returned items from SALE-003015: duplicate purchase.,resolved,Refunded within 7 days as per POL-RETURNS-001.,,,,2026-08-21T12:00:00+05:30,2026-08-21T13:00:00+05:30
CASE-0092,SHOP-049,returns,Return on SALE-003184,Customer returned items from SALE-003184: item defective.,resolved,Refunded within 7 days as per POL-RETURNS-001.,CUST-1002,,,2026-08-22T12:00:00+05:30,2026-08-22T13:00:00+05:30
CASE-0093,SHOP-002,returns,Return on SALE-003005,Customer returned items from SALE-003005: duplicate purchase.,resolved,Refunded within 7 days as per POL-RETURNS-001.,CUST-0030,,,2026-08-24T12:00:00+05:30,2026-08-24T13:00:00+05:30
CASE-0094,SHOP-011,returns,Return on SALE-003203,Customer returned items from SALE-003203: item defective.,resolved,Refunded within 7 days as per POL-RETURNS-001.,CUST-0206,,,2026-08-24T12:00:00+05:30,2026-08-24T13:00:00+05:30
CASE-0095,SHOP-013,returns,Return on SALE-003083,Customer returned items from SALE-003083: duplicate purchase.,resolved,Refunded within 7 days as per POL-RETURNS-001.,,,,2026-08-24T12:00:00+05:30,2026-08-24T13:00:00+05:30
CASE-0096,SHOP-011,supplier_issue,Late delivery on PO-00234,Annapurna Foods Distributors delivered PO-00234 2 day(s) late.,resolved,Called the supplier; delivery arrived. Noted for supplier review.,,SUP-002,,2026-08-29T09:00:00+05:30,2026-08-29T17:00:00+05:30
CASE-0097,SHOP-044,supplier_issue,Late delivery on PO-00240,Golden Crust Bakery Supplies delivered PO-00240 2 day(s) late.,resolved,Called the supplier; delivery arrived. Noted for supplier review.,,SUP-010,,2026-08-27T09:00:00+05:30,2026-08-27T17:00:00+05:30
CASE-0098,SHOP-041,returns,Return on SALE-003174,Customer returned items from SALE-003174: wrong size bought.,resolved,Refunded within 7 days as per POL-RETURNS-001.,,,,2026-08-25T12:00:00+05:30,2026-08-25T13:00:00+05:30
CASE-0099,SHOP-036,supplier_issue,Late delivery on PO-00250,Shree Balaji Traders delivered PO-00250 1 day(s) late.,resolved,Called the supplier; delivery arrived. Noted for supplier review.,,SUP-001,,2026-08-28T09:00:00+05:30,2026-08-28T17:00:00+05:30
CASE-0100,SHOP-018,supplier_issue,Short delivery on PO-00247,Nandi Milk Co-operative delivered fewer units than ordered on PO-00247.,resolved,Supplier issued a credit note for the missing units against the next invoice (SOP-SHORT-001).,,SUP-009,,2026-08-26T11:00:00+05:30,2026-08-29T16:00:00+05:30
CASE-0101,SHOP-017,returns,Return on SALE-003152,Customer returned items from SALE-003152: bought by mistake.,resolved,Refunded within 7 days as per POL-RETURNS-001.,,,,2026-08-26T12:00:00+05:30,2026-08-26T13:00:00+05:30
CASE-0102,SHOP-036,supplier_issue,Late delivery on PO-00258,Annapurna Foods Distributors delivered PO-00258 2 day(s) late.,resolved,Called the supplier; delivery arrived. Noted for supplier review.,,SUP-002,,2026-08-31T09:00:00+05:30,2026-08-31T17:00:00+05:30
CASE-0103,SHOP-049,supplier_issue,Short delivery on PO-00261,Golden Crust Bakery Supplies delivered fewer units than ordered on PO-00261.,resolved,Supplier issued a credit note for the missing units against the next invoice (SOP-SHORT-001).,,SUP-010,,2026-08-27T11:00:00+05:30,2026-08-30T16:00:00+05:30
CASE-0104,SHOP-004,returns,Return on SALE-003303,Customer returned items from SALE-003303: wrong size bought.,resolved,Refunded within 7 days as per POL-RETURNS-001.,CUST-0070,,,2026-08-27T12:00:00+05:30,2026-08-27T13:00:00+05:30
CASE-0105,SHOP-044,supplier_issue,Late delivery on PO-00271,Golden Crust Bakery Supplies delivered PO-00271 1 day(s) late.,resolved,Called the supplier; delivery arrived. Noted for supplier review.,,SUP-010,,2026-08-29T09:00:00+05:30,2026-08-29T17:00:00+05:30
CASE-0106,SHOP-009,returns,Return on SALE-003644,Customer returned items from SALE-003644: duplicate purchase.,resolved,Refunded within 7 days as per POL-RETURNS-001.,,,,2026-08-29T12:00:00+05:30,2026-08-29T13:00:00+05:30
CASE-0107,SHOP-017,supplier_issue,Late delivery on PO-00297,Metro FMCG Agency delivered PO-00297 1 day(s) late.,resolved,Called the supplier; delivery arrived. Noted for supplier review.,,SUP-003,,2026-09-04T09:00:00+05:30,2026-09-04T17:00:00+05:30
CASE-0108,SHOP-038,returns,Return on SALE-003678,Customer returned items from SALE-003678: duplicate purchase.,resolved,Refunded within 7 days as per POL-RETURNS-001.,,,,2026-08-31T12:00:00+05:30,2026-08-31T13:00:00+05:30
CASE-0109,SHOP-024,supplier_issue,Late delivery on PO-00310,Golden Crust Bakery Supplies delivered PO-00310 2 day(s) late.,resolved,Called the supplier; delivery arrived. Noted for supplier review.,,SUP-010,,2026-09-03T09:00:00+05:30,2026-09-03T17:00:00+05:30
CASE-0110,SHOP-024,returns,Return on SALE-003903,Customer returned items from SALE-003903: wrong size bought.,resolved,Refunded within 7 days as per POL-RETURNS-001.,,,,2026-09-02T12:00:00+05:30,2026-09-02T13:00:00+05:30
CASE-0111,SHOP-023,supplier_issue,Late delivery on PO-00325,Annapurna Foods Distributors delivered PO-00325 2 day(s) late.,resolved,Called the supplier; delivery arrived. Noted for supplier review.,,SUP-002,,2026-09-07T09:00:00+05:30,2026-09-07T17:00:00+05:30
CASE-0112,SHOP-020,supplier_issue,Short delivery on PO-00298,Metro FMCG Agency delivered fewer units than ordered on PO-00298.,resolved,Supplier issued a credit note for the missing units against the next invoice (SOP-SHORT-001).,,SUP-003,,2026-09-03T11:00:00+05:30,2026-09-06T16:00:00+05:30
CASE-0113,SHOP-005,returns,Return on SALE-003498,Customer returned items from SALE-003498: item defective.,resolved,Refunded within 7 days as per POL-RETURNS-001.,CUST-0096,,,2026-09-03T12:00:00+05:30,2026-09-03T13:00:00+05:30
CASE-0114,SHOP-039,returns,Return on SALE-003853,Customer returned items from SALE-003853: duplicate purchase.,resolved,Refunded within 7 days as per POL-RETURNS-001.,CUST-0807,,,2026-09-03T12:00:00+05:30,2026-09-03T13:00:00+05:30
CASE-0115,SHOP-006,pricing,Customer says Groundnut Oil 1L is cheaper at another shop,Customer compared the price of Groundnut Oil 1L with a nearby shop.,resolved,"Explained that our price is within MRP; staff gave a 2% discount, within the staff limit.",CUST-0111,,PRD-0133,2026-08-08T15:00:00+05:30,2026-08-10T18:00:00+05:30
CASE-0116,SHOP-015,credit_dispute,Customer says a payment was not recorded,Balhaar Date said they paid by UPI but the credit book still showed the amount.,resolved,"Checked the UPI statement, found the payment and recorded it.",CUST-0294,,,2026-03-27T10:00:00+05:30,2026-03-30T18:00:00+05:30
CASE-0117,SHOP-016,supplier_issue,Wrong item delivered by supplier,Delivery from TechLink Accessories Wholesale had a different brand of Phone Stand.,resolved,Supplier exchanged the items on the next visit.,,SUP-011,PRD-0394,2026-06-28T16:00:00+05:30,2026-06-29T18:00:00+05:30
CASE-0118,SHOP-021,customer_complaint,Envelopes Pack of 25 found damaged after purchase,Customer returned the next day saying Envelopes Pack of 25 was damaged.,resolved,Replaced the item; damaged unit written off as damage.,CUST-0438,,PRD-0526,2026-08-14T11:00:00+05:30,2026-08-14T18:00:00+05:30
CASE-0119,SHOP-029,credit_dispute,Customer says a payment was not recorded,Yashodhara Ratti said they paid by UPI but the credit book still showed the amount.,resolved,"Checked the UPI statement, found the payment and recorded it.",CUST-0596,,,2026-01-05T11:00:00+05:30,2026-01-05T18:00:00+05:30
CASE-0120,SHOP-031,reorder,Ran out of Switch 6A during a busy week,Switch 6A sold out before the next delivery.,resolved,Raised the reorder level for Switch 6A for the festival season.,,,PRD-0773,2025-11-08T17:00:00+05:30,2025-11-09T18:00:00+05:30
CASE-0121,SHOP-037,customer_complaint,Measuring Tape 5m found damaged after purchase,Customer returned the next day saying Measuring Tape 5m was damaged.,resolved,Replaced the item; damaged unit written off as damage.,CUST-0764,,PRD-0928,2026-07-02T11:00:00+05:30,2026-07-04T18:00:00+05:30
CASE-0122,SHOP-040,customer_complaint,Stapler found damaged after purchase,Customer returned the next day saying Stapler was damaged.,resolved,Replaced the item; damaged unit written off as damage.,CUST-0819,,PRD-0998,2026-06-02T13:00:00+05:30,2026-06-04T18:00:00+05:30
CASE-0123,SHOP-042,supplier_issue,Wrong item delivered by supplier,Delivery from Deccan Hardware Distributors had a different brand of Wood Screws Box of 100.,resolved,Supplier exchanged the items on the next visit.,,SUP-004,PRD-1033,2026-08-12T16:00:00+05:30,2026-08-12T18:00:00+05:30
CASE-0124,SHOP-048,customer_complaint,Wood Screws Box of 100 found damaged after purchase,Customer returned the next day saying Wood Screws Box of 100 was damaged.,resolved,Replaced the item; damaged unit written off as damage.,CUST-0983,,PRD-1185,2026-05-11T09:00:00+05:30,2026-05-12T18:00:00+05:30
CASE-0125,SHOP-006,credit_dispute,Customer says a payment was not recorded,Mohini Narasimhan said they paid by UPI but the credit book still showed the amount.,resolved,"Checked the UPI statement, found the payment and recorded it.",CUST-0122,,,2026-09-04T09:00:00+05:30,2026-09-07T18:00:00+05:30
CASE-0126,SHOP-008,customer_complaint,Exterior Emulsion Paint 4L found damaged after purchase,Customer returned the next day saying Exterior Emulsion Paint 4L was damaged.,resolved,Replaced the item; damaged unit written off as damage.,CUST-0150,,PRD-0182,2026-04-18T17:00:00+05:30,2026-04-20T18:00:00+05:30
CASE-0127,SHOP-009,credit_dispute,Customer says a payment was not recorded,Triya Gopal said they paid by UPI but the credit book still showed the amount.,resolved,"Checked the UPI statement, found the payment and recorded it.",CUST-0179,,,2026-08-11T14:00:00+05:30,2026-08-11T18:00:00+05:30
CASE-0128,SHOP-014,customer_complaint,Padlock 50mm found damaged after purchase,Customer returned the next day saying Padlock 50mm was damaged.,resolved,Replaced the item; damaged unit written off as damage.,CUST-0287,,PRD-0348,2026-04-19T19:00:00+05:30,2026-04-23T18:00:00+05:30
CASE-0129,SHOP-015,reorder,Ran out of Chart Paper during a busy week,Chart Paper sold out before the next delivery.,resolved,Raised the reorder level for Chart Paper for the festival season.,,,PRD-0366,2026-03-11T14:00:00+05:30,2026-03-13T18:00:00+05:30
CASE-0130,SHOP-016,reorder,Ran out of USB-C Cable 1m during a busy week,USB-C Cable 1m sold out before the next delivery.,resolved,Raised the reorder level for USB-C Cable 1m for the festival season.,,,PRD-0377,2026-03-11T16:00:00+05:30,2026-03-12T18:00:00+05:30
CASE-0131,SHOP-019,credit_dispute,Customer says a payment was not recorded,Hardik Contractor said they paid by UPI but the credit book still showed the amount.,resolved,"Checked the UPI statement, found the payment and recorded it.",CUST-0377,,,2025-11-20T19:00:00+05:30,2025-11-22T18:00:00+05:30
CASE-0132,SHOP-021,credit_dispute,Customer says a payment was not recorded,Ekansh Singh said they paid by UPI but the credit book still showed the amount.,resolved,"Checked the UPI statement, found the payment and recorded it.",CUST-0435,,,2026-08-15T18:00:00+05:30,2026-08-19T18:00:00+05:30
CASE-0133,SHOP-022,reorder,Ran out of 33W Charging Adapter during a busy week,33W Charging Adapter sold out before the next delivery.,resolved,Raised the reorder level for 33W Charging Adapter for the festival season.,,,PRD-0534,2026-06-02T11:00:00+05:30,2026-06-02T18:00:00+05:30
CASE-0134,SHOP-027,credit_dispute,Customer says a payment was not recorded,Jeet Vasa said they paid by UPI but the credit book still showed the amount.,resolved,"Checked the UPI statement, found the payment and recorded it.",CUST-0555,,,2025-12-19T11:00:00+05:30,2025-12-20T18:00:00+05:30
CASE-0135,SHOP-029,customer_complaint,10W Charger found damaged after purchase,Customer returned the next day saying 10W Charger was damaged.,resolved,Replaced the item; damaged unit written off as damage.,CUST-0607,,PRD-0707,2026-08-17T10:00:00+05:30,2026-08-21T18:00:00+05:30
CASE-0136,SHOP-030,stock_discrepancy,Count mismatch for Detergent Powder 1kg,Weekly count of Detergent Powder 1kg was lower than the records.,resolved,Recount found the missing units in the back store. No adjustment needed.,,,PRD-0747,2026-03-02T11:00:00+05:30,2026-03-05T18:00:00+05:30
CASE-0137,SHOP-031,supplier_issue,Wrong item delivered by supplier,Delivery from Colorline Paints Depot had a different brand of Enamel Paint 1L.,resolved,Supplier exchanged the items on the next visit.,,SUP-005,PRD-0763,2026-02-25T09:00:00+05:30,2026-03-01T18:00:00+05:30
CASE-0138,SHOP-034,reorder,Ran out of Ruled Notebook 200 pages during a busy week,Ruled Notebook 200 pages sold out before the next delivery.,resolved,Raised the reorder level for Ruled Notebook 200 pages for the festival season.,,,PRD-0831,2025-12-18T16:00:00+05:30,2025-12-19T18:00:00+05:30
CASE-0139,SHOP-037,supplier_issue,Wrong item delivered by supplier,Delivery from Pragati Pipes & Fittings had a different brand of PVC Elbow 1 inch.,resolved,Supplier exchanged the items on the next visit.,,SUP-006,PRD-0908,2026-05-19T19:00:00+05:30,2026-05-23T18:00:00+05:30
CASE-0140,SHOP-040,credit_dispute,Customer says a payment was not recorded,Tanish Jha said they paid by UPI but the credit book still showed the amount.,resolved,"Checked the UPI statement, found the payment and recorded it.",CUST-0835,,,2026-08-10T13:00:00+05:30,2026-08-10T18:00:00+05:30
CASE-0141,SHOP-042,customer_complaint,GI Binding Wire 1kg found damaged after purchase,Customer returned the next day saying GI Binding Wire 1kg was damaged.,resolved,Replaced the item; damaged unit written off as damage.,CUST-0867,,PRD-1034,2026-04-29T18:00:00+05:30,2026-04-30T18:00:00+05:30
CASE-0142,SHOP-046,pricing,Customer says File Folder is cheaper at another shop,Customer compared the price of File Folder with a nearby shop.,resolved,"Explained that our price is within MRP; staff gave a 2% discount, within the staff limit.",CUST-0938,,PRD-1155,2026-05-16T17:00:00+05:30,2026-05-17T18:00:00+05:30
CASE-0143,SHOP-048,reorder,Ran out of Hacksaw Blade during a busy week,Hacksaw Blade sold out before the next delivery.,resolved,Raised the reorder level for Hacksaw Blade for the festival season.,,,PRD-1204,2026-03-06T14:00:00+05:30,2026-03-07T18:00:00+05:30
CASE-0144,SHOP-004,stock_discrepancy,Count mismatch for Lassi 200ml,Weekly count of Lassi 200ml was lower than the records.,resolved,Recount found the missing units in the back store. No adjustment needed.,,,PRD-0100,2026-08-01T14:00:00+05:30,2026-08-04T18:00:00+05:30
CASE-0145,SHOP-006,supplier_issue,Wrong item delivered by supplier,Delivery from Shree Balaji Traders had a different brand of Eggs Tray of 30.,resolved,Supplier exchanged the items on the next visit.,,SUP-001,PRD-0152,2026-01-20T09:00:00+05:30,2026-01-21T18:00:00+05:30
CASE-0146,SHOP-007,reorder,Ran out of Muffins Pack of 4 during a busy week,Muffins Pack of 4 sold out before the next delivery.,resolved,Raised the reorder level for Muffins Pack of 4 for the festival season.,,,PRD-0170,2026-01-23T16:00:00+05:30,2026-01-24T18:00:00+05:30
CASE-0147,SHOP-008,supplier_issue,Wrong item delivered by supplier,Delivery from Deccan Hardware Distributors had a different brand of Epoxy Putty 100g.,resolved,Supplier exchanged the items on the next visit.,,SUP-004,PRD-0188,2026-05-29T12:00:00+05:30,2026-05-30T18:00:00+05:30
CASE-0148,SHOP-009,stock_discrepancy,Count mismatch for Correction Pen,Weekly count of Correction Pen was lower than the records.,resolved,Recount found the missing units in the back store. No adjustment needed.,,,PRD-0224,2026-02-06T12:00:00+05:30,2026-02-08T18:00:00+05:30
CASE-0149,SHOP-010,reorder,Ran out of Selfie Stick during a busy week,Selfie Stick sold out before the next delivery.,resolved,Raised the reorder level for Selfie Stick for the festival season.,,,PRD-0243,2025-11-11T18:00:00+05:30,2025-11-11T18:00:00+05:30
CASE-0150,SHOP-012,stock_discrepancy,Count mismatch for Veg Puff,Weekly count of Veg Puff was lower than the records.,resolved,Recount found the missing units in the back store. No adjustment needed.,,,PRD-0290,2026-09-03T11:00:00+05:30,2026-09-04T18:00:00+05:30
