shop_id,customer_id,entry_type,amount,sale_id,entry_date,due_on,note,created_by,idempotency_key
SHOP-004,CUST-0069,credit_sale,248.00,SALE-000007,2026-07-02,2026-08-01,,USR-008,
SHOP-004,CUST-0084,credit_sale,273.00,SALE-000008,2026-07-02,2026-08-01,,USR-008,
SHOP-003,CUST-0053,credit_sale,285.00,SALE-000018,2026-07-04,2026-08-03,,USR-006,
SHOP-005,CUST-0098,credit_sale,1421.20,SALE-000030,2026-07-06,2026-08-05,,USR-010,
SHOP-001,CUST-0010,credit_sale,185.00,SALE-000032,2026-07-07,2026-08-06,,USR-002,
SHOP-004,CUST-0078,credit_sale,370.00,SALE-000036,2026-07-07,2026-08-06,,USR-008,
SHOP-002,CUST-0036,credit_sale,8310.00,SALE-000042,2026-07-08,2026-08-07,,USR-004,
SHOP-005,CUST-0092,credit_sale,498.00,SALE-000054,2026-07-10,2026-08-09,,USR-010,
SHOP-001,CUST-0007,credit_sale,38.00,SALE-000056,2026-07-11,2026-08-10,,USR-002,
SHOP-004,CUST-0071,credit_sale,70.00,SALE-000061,2026-07-11,2026-08-10,,USR-008,
SHOP-002,CUST-0028,credit_sale,2520.00,SALE-000067,2026-07-12,2026-08-11,,USR-004,
SHOP-003,CUST-0053,credit_sale,45.00,SALE-000082,2026-07-14,2026-08-13,,USR-006,
SHOP-004,CUST-0085,credit_sale,105.00,SALE-000083,2026-07-14,2026-08-13,,USR-008,
SHOP-002,CUST-0032,credit_sale,2870.00,SALE-000089,2026-07-15,2026-08-14,,USR-004,
SHOP-004,CUST-0084,credit_sale,56.00,SALE-000096,2026-07-16,2026-08-15,,USR-008,
SHOP-001,CUST-0018,credit_sale,90.00,SALE-000097,2026-07-17,2026-08-16,,USR-002,
SHOP-003,CUST-0058,credit_sale,80.00,SALE-000099,2026-07-17,2026-08-16,,USR-006,
SHOP-001,CUST-0007,payment,-38.00,,2026-07-17,,Paid by cash,USR-002,
SHOP-002,CUST-0028,credit_sale,3910.00,SALE-000118,2026-07-20,2026-08-19,,USR-004,
SHOP-005,CUST-0098,credit_sale,1096.00,SALE-000120,2026-07-20,2026-08-19,,USR-010,
SHOP-004,CUST-0071,payment,-70.00,,2026-07-20,,Paid by UPI,USR-008,
SHOP-004,CUST-0072,credit_sale,151.00,SALE-000125,2026-07-21,2026-08-20,,USR-008,
SHOP-004,CUST-0085,credit_sale,190.00,SALE-000126,2026-07-21,2026-08-20,,USR-008,
SHOP-001,CUST-0010,credit_sale,513.00,SALE-000128,2026-07-22,2026-08-21,,USR-002,
SHOP-002,CUST-0045,credit_sale,480.00,SALE-000130,2026-07-22,2026-08-21,,USR-004,
SHOP-002,CUST-0028,payment,-6430.00,,2026-07-24,,Paid by UPI,USR-004,
SHOP-003,CUST-0053,payment,-330.00,,2026-07-25,,Paid by UPI,USR-006,
SHOP-002,CUST-0032,credit_sale,320.00,SALE-000159,2026-07-27,2026-08-26,,USR-004,
SHOP-002,CUST-0036,payment,-8310.00,,2026-07-28,,Paid by UPI,USR-004,
SHOP-005,CUST-0094,credit_sale,1299.00,SALE-000166,2026-07-29,2026-08-28,,USR-010,
SHOP-003,CUST-0053,credit_sale,20.00,SALE-000168,2026-07-30,2026-08-29,,USR-006,
SHOP-004,CUST-0075,credit_sale,884.00,SALE-000170,2026-07-30,2026-08-29,,USR-008,
SHOP-001,CUST-0019,credit_sale,485.00,SALE-000174,2026-07-31,2026-08-30,,USR-002,
SHOP-004,CUST-0084,credit_sale,1020.00,SALE-000183,2026-08-02,2026-09-01,,USR-008,
SHOP-004,CUST-0075,credit_sale,243.00,SALE-000190,2026-08-03,2026-09-02,,USR-008,
SHOP-004,CUST-0081,credit_sale,281.00,SALE-000197,2026-08-04,2026-09-03,,USR-008,
SHOP-004,CUST-0084,payment,-1349.00,,2026-08-04,,Paid by cash,USR-008,
SHOP-004,CUST-0078,credit_sale,70.00,SALE-000202,2026-08-05,2026-09-04,,USR-008,
SHOP-005,CUST-0098,credit_sale,845.00,SALE-000203,2026-08-05,2026-09-04,,USR-010,
SHOP-001,CUST-0009,credit_sale,173.00,SALE-000205,2026-08-06,2026-09-05,,USR-002,
SHOP-004,CUST-0071,credit_sale,120.00,SALE-000211,2026-08-06,2026-09-05,,USR-008,
SHOP-003,CUST-0058,payment,-80.00,,2026-08-06,,Paid by cash,USR-006,
SHOP-002,CUST-0036,credit_sale,580.00,SALE-000214,2026-08-07,2026-09-06,,USR-004,
SHOP-004,CUST-0085,credit_sale,40.00,SALE-000219,2026-08-07,2026-09-06,,USR-008,
SHOP-005,CUST-0092,payment,-498.00,,2026-08-08,,Paid by cash,USR-010,
SHOP-004,CUST-0085,payment,-335.00,,2026-08-08,,Paid by UPI,USR-008,
SHOP-001,CUST-0010,payment,-698.00,,2026-08-09,,Paid by cash,USR-002,
SHOP-002,CUST-0040,credit_sale,570.00,SALE-000238,2026-08-11,2026-09-10,,USR-004,
SHOP-002,CUST-0032,payment,-3190.00,,2026-08-11,,Paid by cash,USR-004,
SHOP-001,CUST-0007,credit_sale,400.00,SALE-000241,2026-08-12,2026-09-11,,USR-002,
SHOP-002,CUST-0031,credit_sale,691.60,SALE-000251,2026-08-13,2026-09-12,,USR-004,
SHOP-004,CUST-0071,payment,-120.00,,2026-08-15,,Paid by cash,USR-008,
SHOP-001,CUST-0018,payment,-90.00,,2026-08-15,,Paid by cash,USR-002,
SHOP-003,CUST-0058,credit_sale,335.00,SALE-000275,2026-08-16,2026-09-15,,USR-006,
SHOP-004,CUST-0072,payment,-151.00,,2026-08-16,,Paid by cash,USR-008,
SHOP-001,CUST-0023,credit_sale,633.00,SALE-000282,2026-08-17,2026-09-16,,USR-002,
SHOP-002,CUST-0032,credit_sale,480.00,SALE-000283,2026-08-17,2026-09-16,,USR-004,
SHOP-004,CUST-0082,credit_sale,135.00,SALE-000286,2026-08-17,2026-09-16,,USR-008,
SHOP-004,CUST-0069,payment,-248.00,,2026-08-17,,Paid by cash,USR-008,
SHOP-001,CUST-0007,payment,-400.00,,2026-08-17,,Paid by UPI,USR-002,
SHOP-002,CUST-0028,credit_sale,2696.60,SALE-000295,2026-08-19,2026-09-18,,USR-004,
SHOP-005,CUST-0098,payment,-2521.65,,2026-08-19,,Paid by UPI,USR-010,
SHOP-004,CUST-0078,payment,-220.00,,2026-08-19,,Paid by cash,USR-008,
SHOP-001,CUST-0025,credit_sale,68.00,SALE-000298,2026-08-20,2026-09-19,,USR-002,
SHOP-002,CUST-0045,credit_sale,1733.39,SALE-000301,2026-08-20,2026-09-19,,USR-004,
SHOP-002,CUST-0041,credit_sale,2080.00,SALE-000310,2026-08-22,2026-09-21,,USR-004,
SHOP-003,CUST-0047,credit_sale,226.00,SALE-000311,2026-08-22,2026-09-21,,USR-006,
SHOP-003,CUST-0053,payment,-20.00,,2026-08-22,,Paid by UPI,USR-006,
SHOP-004,CUST-0078,payment,-110.00,,2026-08-22,,Paid by cash,USR-008,
SHOP-002,CUST-0045,payment,-2213.39,,2026-08-22,,Paid by UPI,USR-004,
SHOP-004,CUST-0078,payment,-110.00,,2026-08-23,,Paid by UPI,USR-008,
SHOP-001,CUST-0019,payment,-485.00,,2026-08-24,,Paid by cash,USR-002,
SHOP-001,CUST-0009,payment,-173.00,,2026-08-24,,Paid by UPI,USR-002,
SHOP-002,CUST-0031,credit_sale,525.00,SALE-000328,2026-08-26,2026-09-25,,USR-004,
SHOP-004,CUST-0075,payment,-1127.00,,2026-08-26,,Paid by UPI,USR-008,
SHOP-002,CUST-0027,credit_sale,968.00,SALE-000337,2026-08-28,2026-09-27,,USR-004,
SHOP-002,CUST-0045,credit_sale,1440.00,SALE-000338,2026-08-28,2026-09-27,,USR-004,
SHOP-004,CUST-0071,credit_sale,110.00,SALE-000341,2026-08-28,2026-09-27,,USR-008,
SHOP-004,CUST-0075,credit_sale,256.00,SALE-000342,2026-08-28,2026-09-27,,USR-008,
SHOP-005,CUST-0094,payment,-1299.00,,2026-08-28,,Paid by UPI,USR-010,
SHOP-002,CUST-0027,credit_sale,6712.00,SALE-000343,2026-08-29,2026-09-28,,USR-004,
SHOP-003,CUST-0047,credit_sale,35.00,SALE-000344,2026-08-29,2026-09-28,,USR-006,
SHOP-004,CUST-0081,credit_sale,435.00,SALE-000355,2026-08-31,2026-09-30,,USR-008,
SHOP-002,CUST-0036,credit_sale,5010.00,SALE-000358,2026-09-01,2026-10-01,,USR-004,
SHOP-005,CUST-0094,credit_sale,1796.00,SALE-000370,2026-09-02,2026-10-02,,USR-010,
SHOP-002,CUST-0028,payment,-2696.60,,2026-09-02,,Paid by cash,USR-004,
SHOP-002,CUST-0028,credit_sale,11070.00,SALE-000371,2026-09-03,2026-10-03,,USR-004,
SHOP-002,CUST-0040,credit_sale,4053.00,SALE-000376,2026-09-04,2026-10-04,,USR-004,
SHOP-002,CUST-0036,payment,-5590.00,,2026-09-04,,Paid by UPI,USR-004,
SHOP-003,CUST-0058,payment,-335.00,,2026-09-05,,Paid by cash,USR-006,
SHOP-001,CUST-0018,credit_sale,878.75,SALE-000382,2026-09-06,2026-10-06,,USR-002,
SHOP-004,CUST-0071,credit_sale,759.05,SALE-000386,2026-09-06,2026-10-06,,USR-008,
SHOP-002,CUST-0032,payment,-480.00,,2026-09-06,,Paid by UPI,USR-004,
SHOP-001,CUST-0023,payment,-633.00,,2026-09-07,,Paid by cash,USR-002,
SHOP-004,CUST-0085,credit_sale,1090.00,SALE-000399,2026-09-08,2026-10-08,,USR-008,
SHOP-004,CUST-0071,payment,-869.05,,2026-09-08,,Paid by UPI,USR-008,
SHOP-001,CUST-0017,credit_sale,241.00,SALE-000402,2026-09-09,2026-10-09,,USR-002,
SHOP-004,CUST-0068,credit_sale,105.00,SALE-000404,2026-09-09,2026-10-09,,USR-008,
SHOP-002,CUST-0031,credit_sale,1255.00,SALE-000409,2026-09-10,2026-10-10,,USR-004,
SHOP-004,CUST-0082,credit_sale,275.00,SALE-000412,2026-09-10,2026-10-10,,USR-008,
SHOP-005,CUST-0098,credit_sale,3544.00,SALE-000420,2026-09-11,2026-10-11,,USR-010,
SHOP-002,CUST-0040,payment,-4623.00,,2026-09-11,,Paid by cash,USR-004,
SHOP-004,CUST-0082,credit_sale,380.00,SALE-000425,2026-09-13,2026-10-13,,USR-008,
SHOP-003,CUST-0047,payment,-261.00,,2026-09-13,,Paid by cash,USR-006,
SHOP-001,CUST-0022,credit_sale,100.00,SALE-000431,2026-09-15,2026-10-15,,USR-002,
SHOP-004,CUST-0078,credit_sale,150.00,SALE-000436,2026-09-15,2026-10-15,,USR-008,
SHOP-002,CUST-0027,credit_sale,315.00,SALE-000439,2026-09-16,2026-10-16,,USR-004,
SHOP-005,CUST-0098,payment,-4384.55,,2026-09-16,,Paid by cash,USR-010,
SHOP-002,CUST-0028,payment,-11070.00,,2026-09-16,,Paid by cash,USR-004,
SHOP-001,CUST-0013,credit_sale,139.00,SALE-000443,2026-09-17,2026-10-17,,USR-002,
SHOP-003,CUST-0047,credit_sale,642.00,SALE-000450,2026-09-18,2026-10-18,,USR-006,
SHOP-004,CUST-0081,payment,-537.00,,2026-09-18,,Paid by cash,USR-008,
SHOP-004,CUST-0078,credit_sale,35.00,SALE-000460,2026-09-19,2026-10-19,,USR-008,
SHOP-005,CUST-0092,credit_sale,397.00,SALE-000462,2026-09-19,2026-10-19,,USR-010,
SHOP-004,CUST-0075,payment,-256.00,,2026-09-19,,Paid by UPI,USR-008,
SHOP-001,CUST-0007,credit_sale,695.00,SALE-000465,2026-09-20,2026-10-20,,USR-002,
SHOP-002,CUST-0040,credit_sale,2050.00,SALE-000466,2026-09-20,2026-10-20,,USR-004,
SHOP-004,CUST-0084,credit_sale,100.00,SALE-000478,2026-09-22,2026-10-22,,USR-008,
SHOP-002,CUST-0027,payment,-7995.00,,2026-09-22,,Paid by cash,USR-004,
SHOP-004,CUST-0075,credit_sale,875.00,SALE-000487,2026-09-23,2026-10-23,,USR-008,
SHOP-002,CUST-0045,credit_sale,4460.00,SALE-000488,2026-09-24,2026-10-24,,USR-004,
SHOP-001,CUST-0025,payment,-68.00,,2026-09-25,,Paid by UPI,USR-002,
SHOP-001,CUST-0007,payment,-695.00,,2026-09-26,,Paid by cash,USR-002,
SHOP-004,CUST-0082,payment,-395.00,,2026-09-27,,Paid by cash,USR-008,
SHOP-002,CUST-0041,payment,-2080.00,,2026-09-27,,Paid by cash,USR-004,
SHOP-002,CUST-0031,credit_sale,4443.00,SALE-000510,2026-09-28,2026-10-28,,USR-004,
SHOP-002,CUST-0029,credit_sale,3240.00,SALE-000515,2026-09-29,2026-10-29,,USR-004,
SHOP-003,CUST-0058,credit_sale,101.00,SALE-000518,2026-09-29,2026-10-29,,USR-006,
SHOP-002,CUST-0031,credit_sale,2676.15,SALE-000522,2026-09-30,2026-10-30,,USR-004,
SHOP-002,CUST-0045,payment,-5900.00,,2026-09-30,,Paid by cash,USR-004,
SHOP-001,CUST-0001,credit_sale,1930.00,SALE-000531,2026-09-10,2026-10-10,,seed,
SHOP-001,CUST-0001,credit_sale,2002.00,SALE-000532,2026-09-24,2026-10-24,,seed,
SHOP-001,CUST-0002,credit_sale,1640.00,SALE-000533,2026-07-10,2026-08-09,,seed,
SHOP-001,CUST-0003,credit_sale,1915.00,SALE-000534,2026-09-05,2026-10-05,,seed,
SHOP-001,CUST-0003,credit_sale,1970.00,SALE-000535,2026-09-18,2026-10-18,,seed,
SHOP-001,CUST-0004,credit_sale,710.00,SALE-000536,2026-08-16,2026-09-15,,seed,
SHOP-002,CUST-0026,credit_sale,8675.00,SALE-000537,2026-08-21,2026-09-20,,seed,
SHOP-002,CUST-0026,payment,-6000.00,,2026-09-21,,"Paid by UPI, ref 417893562210",USR-004,
SHOP-002,CUST-0026,payment,-6000.00,,2026-09-21,,"Paid by UPI, ref 417893562210",USR-004,
