shop_id,customer_id,supplier_id,channel,recipient,purpose,message,status,external_id,created_at,sent_at,created_by,idempotency_key
SHOP-004,CUST-0069,,whatsapp,+91-00000-30069,payment_reminder,"Namaste Ikbal Kothari, a gentle reminder from Nandini Dairy & Bakery: Rs 248.00 is pending on your account since 02 Jul 2026. Please pay when convenient. Thank you.",sent,WA-000001,2026-08-10T10:30:00+05:30,2026-08-10T10:30:00+05:30,USR-007,
SHOP-005,CUST-0098,,whatsapp,+91-00000-30098,payment_reminder,"Namaste Konda Mobile Repairs, a gentle reminder from Smart Mobile Accessories: Rs 3,362.20 is pending on your account since 06 Jul 2026. Please pay when convenient. Thank you.",sent,WA-000002,2026-08-12T10:30:00+05:30,2026-08-12T10:30:00+05:30,USR-009,
SHOP-004,CUST-0078,,whatsapp,+91-00000-30078,payment_reminder,"Namaste Nitesh Raghavan, a gentle reminder from Nandini Dairy & Bakery: Rs 440.00 is pending on your account since 07 Jul 2026. Please pay when convenient. Thank you.",sent,WA-000003,2026-08-13T10:30:00+05:30,2026-08-13T10:30:00+05:30,USR-007,
SHOP-004,CUST-0078,,whatsapp,+91-00000-30078,payment_reminder,"Namaste Nitesh Raghavan, a gentle reminder from Nandini Dairy & Bakery: Rs 220.00 is pending on your account since 07 Jul 2026. Please pay when convenient. Thank you.",sent,WA-000004,2026-08-20T10:30:00+05:30,2026-08-20T10:30:00+05:30,USR-007,
SHOP-004,CUST-0081,,whatsapp,+91-00000-30081,payment_reminder,"Namaste Mohammed Gupta, a gentle reminder from Nandini Dairy & Bakery: Rs 716.00 is pending on your account since 04 Aug 2026. Please pay when convenient. Thank you.",sent,WA-000005,2026-09-10T10:30:00+05:30,2026-09-10T10:30:00+05:30,USR-007,
SHOP-005,CUST-0098,,whatsapp,+91-00000-30098,payment_reminder,"Namaste Konda Mobile Repairs, a gentle reminder from Smart Mobile Accessories: Rs 4,384.55 is pending on your account since 05 Aug 2026. Please pay when convenient. Thank you.",sent,WA-000006,2026-09-11T10:30:00+05:30,2026-09-11T10:30:00+05:30,USR-009,
SHOP-004,CUST-0081,,whatsapp,+91-00000-30081,payment_reminder,"Namaste Mohammed Gupta, a gentle reminder from Nandini Dairy & Bakery: Rs 716.00 is pending on your account since 04 Aug 2026. Please pay when convenient. Thank you.",sent,WA-000007,2026-09-17T10:30:00+05:30,2026-09-17T10:30:00+05:30,USR-007,
SHOP-002,CUST-0031,,whatsapp,+91-00000-30031,payment_reminder,"Namaste Theodore Devi, a gentle reminder from Balaji Hardware & Paints: Rs 2,471.60 is pending on your account since 13 Aug 2026. Please pay when convenient. Thank you.",sent,WA-000008,2026-09-19T10:30:00+05:30,2026-09-19T10:30:00+05:30,USR-003,
SHOP-004,CUST-0082,,whatsapp,+91-00000-30082,payment_reminder,"Namaste Teerth Bhardwaj, a gentle reminder from Nandini Dairy & Bakery: Rs 790.00 is pending on your account since 17 Aug 2026. Please pay when convenient. Thank you.",sent,WA-000009,2026-09-25T10:30:00+05:30,2026-09-25T10:30:00+05:30,USR-007,
SHOP-002,CUST-0031,,whatsapp,+91-00000-30031,payment_reminder,"Namaste Theodore Devi, a gentle reminder from Balaji Hardware & Paints: Rs 2,471.60 is pending on your account since 13 Aug 2026. Please pay when convenient. Thank you.",sent,WA-000010,2026-09-26T10:30:00+05:30,2026-09-26T10:30:00+05:30,USR-003,
SHOP-001,CUST-0002,,whatsapp,+91-00000-30002,payment_reminder,"Namaste Udant Dewan, a gentle reminder from Sri Lakshmi Kirana Store: Rs 1,640.00 is pending on your account since 10 Jul 2026. Please pay when convenient. Thank you.",sent,WA-000011,2026-08-16T10:30:00+05:30,2026-08-16T10:30:00+05:30,USR-001,
SHOP-001,CUST-0002,,whatsapp,+91-00000-30002,payment_reminder,"Namaste Udant Dewan, a gentle reminder from Sri Lakshmi Kirana Store: Rs 1,640.00 is pending on your account since 10 Jul 2026. Please pay when convenient. Thank you.",sent,WA-000012,2026-08-31T10:30:00+05:30,2026-08-31T10:30:00+05:30,USR-001,
SHOP-001,CUST-0002,,whatsapp,+91-00000-30002,payment_reminder,"Namaste Udant Dewan, a gentle reminder from Sri Lakshmi Kirana Store: Rs 1,640.00 is pending on your account since 10 Jul 2026. Please pay when convenient. Thank you.",sent,WA-000013,2026-09-14T10:30:00+05:30,2026-09-14T10:30:00+05:30,USR-001,
SHOP-001,CUST-0004,,whatsapp,+91-00000-30004,payment_reminder,"Namaste Ayushman Chander, a gentle reminder from Sri Lakshmi Kirana Store: Rs 710.00 is pending on your account since 16 Aug 2026. Please pay when convenient. Thank you.",sent,WA-000014,2026-09-28T10:30:00+05:30,2026-09-28T10:30:00+05:30,USR-001,
