shop_id,product_id,field,old_value,new_value,reason,changed_at,changed_by,approved_by,idempotency_key
SHOP-010,PRD-0226,cost_price,120.00,127.00,New rate from TechLink Accessories Wholesale on invoice,2026-07-02T17:00:00+05:30,USR-019,USR-019,
SHOP-010,PRD-0226,selling_price,299.00,315.00,Passed on supplier increase,2026-07-02T17:00:00+05:30,USR-019,USR-019,
SHOP-012,PRD-0294,cost_price,36.00,39.00,New rate from Nandi Milk Co-operative on invoice,2026-07-02T17:00:00+05:30,USR-023,USR-023,
SHOP-012,PRD-0294,selling_price,45.00,49.00,Passed on supplier increase,2026-07-02T17:00:00+05:30,USR-023,USR-023,
SHOP-041,PRD-1021,cost_price,280.00,288.00,New rate from Volt Mobile Distributors on invoice,2026-07-03T17:00:00+05:30,USR-081,USR-081,
SHOP-041,PRD-1021,selling_price,449.00,462.00,Passed on supplier increase,2026-07-03T17:00:00+05:30,USR-081,USR-081,
SHOP-050,PRD-1256,cost_price,165.00,173.00,New rate from Shree Balaji Traders on invoice,2026-07-04T17:00:00+05:30,USR-099,USR-099,
SHOP-050,PRD-1256,selling_price,195.00,205.00,Passed on supplier increase,2026-07-04T17:00:00+05:30,USR-099,USR-099,
SHOP-030,PRD-0736,cost_price,140.00,148.00,New rate from Metro FMCG Agency on invoice,2026-07-05T17:00:00+05:30,USR-059,USR-059,
SHOP-030,PRD-0736,selling_price,165.00,175.00,Passed on supplier increase,2026-07-05T17:00:00+05:30,USR-059,USR-059,
SHOP-017,PRD-0423,cost_price,75.00,79.00,New rate from Metro FMCG Agency on invoice,2026-07-06T17:00:00+05:30,USR-033,USR-033,
SHOP-017,PRD-0423,selling_price,95.00,100.00,Passed on supplier increase,2026-07-06T17:00:00+05:30,USR-033,USR-033,
SHOP-006,PRD-0139,cost_price,25.00,27.00,New rate from Annapurna Foods Distributors on invoice,2026-07-07T17:00:00+05:30,USR-011,USR-011,
SHOP-006,PRD-0139,selling_price,32.00,35.00,Passed on supplier increase,2026-07-07T17:00:00+05:30,USR-011,USR-011,
SHOP-012,PRD-0294,cost_price,39.00,41.00,New rate from Nandi Milk Co-operative on invoice,2026-07-08T17:00:00+05:30,USR-023,USR-023,
SHOP-012,PRD-0294,selling_price,49.00,50.00,Passed on supplier increase,2026-07-08T17:00:00+05:30,USR-023,USR-023,
SHOP-045,PRD-1105,cost_price,1150.00,1219.00,New rate from Shree Balaji Traders on invoice,2026-07-09T17:00:00+05:30,USR-089,USR-089,
SHOP-045,PRD-1105,selling_price,1300.00,1365.00,Passed on supplier increase,2026-07-09T17:00:00+05:30,USR-089,USR-089,
SHOP-009,PRD-0205,cost_price,35.00,38.00,New rate from Saraswati Book Depot on invoice,2026-07-09T17:00:00+05:30,USR-017,USR-017,
SHOP-009,PRD-0205,selling_price,50.00,54.00,Passed on supplier increase,2026-07-09T17:00:00+05:30,USR-017,USR-017,
SHOP-028,PRD-0700,cost_price,22.00,23.00,New rate from Nandi Milk Co-operative on invoice,2026-07-09T17:00:00+05:30,USR-055,USR-055,
SHOP-028,PRD-0700,selling_price,30.00,32.00,Passed on supplier increase,2026-07-09T17:00:00+05:30,USR-055,USR-055,
SHOP-048,PRD-1189,cost_price,980.00,1029.00,New rate from Colorline Paints Depot on invoice,2026-07-10T17:00:00+05:30,USR-095,USR-095,
SHOP-048,PRD-1189,selling_price,1200.00,1260.00,Passed on supplier increase,2026-07-10T17:00:00+05:30,USR-095,USR-095,
SHOP-005,PRD-0108,cost_price,110.00,117.00,New rate from TechLink Accessories Wholesale on invoice,2026-07-10T17:00:00+05:30,USR-009,USR-009,
SHOP-005,PRD-0108,selling_price,299.00,315.00,Passed on supplier increase,2026-07-10T17:00:00+05:30,USR-009,USR-009,
SHOP-045,PRD-1133,cost_price,165.00,175.00,New rate from Shree Balaji Traders on invoice,2026-07-10T17:00:00+05:30,USR-089,USR-089,
SHOP-045,PRD-1133,selling_price,195.00,205.00,Passed on supplier increase,2026-07-10T17:00:00+05:30,USR-089,USR-089,
SHOP-032,PRD-0801,cost_price,85.00,89.00,New rate from Metro FMCG Agency on invoice,2026-07-11T17:00:00+05:30,USR-063,USR-063,
SHOP-032,PRD-0801,selling_price,105.00,110.00,Passed on supplier increase,2026-07-11T17:00:00+05:30,USR-063,USR-063,
SHOP-017,PRD-0404,cost_price,380.00,403.00,New rate from Shree Balaji Traders on invoice,2026-07-11T17:00:00+05:30,USR-033,USR-033,
SHOP-017,PRD-0404,selling_price,440.00,465.00,Passed on supplier increase,2026-07-11T17:00:00+05:30,USR-033,USR-033,
SHOP-006,PRD-0144,cost_price,28.00,30.00,New rate from Shree Balaji Traders on invoice,2026-07-11T17:00:00+05:30,USR-011,USR-011,
SHOP-006,PRD-0144,selling_price,35.00,38.00,Passed on supplier increase,2026-07-11T17:00:00+05:30,USR-011,USR-011,
SHOP-024,PRD-0586,selling_price,15.00,16.00,Passed on supplier increase,2026-07-12T17:00:00+05:30,USR-047,USR-047,
SHOP-024,PRD-0591,cost_price,45.00,46.00,New rate from Golden Crust Bakery Supplies on invoice,2026-07-12T17:00:00+05:30,USR-047,USR-047,
SHOP-024,PRD-0591,selling_price,60.00,62.00,Passed on supplier increase,2026-07-12T17:00:00+05:30,USR-047,USR-047,
SHOP-009,PRD-0221,selling_price,20.00,21.00,Passed on supplier increase,2026-07-13T17:00:00+05:30,USR-017,USR-017,
SHOP-030,PRD-0746,cost_price,28.00,29.00,New rate from Metro FMCG Agency on invoice,2026-07-14T17:00:00+05:30,USR-059,USR-059,
SHOP-030,PRD-0746,selling_price,38.00,40.00,Passed on supplier increase,2026-07-14T17:00:00+05:30,USR-059,USR-059,
SHOP-010,PRD-0244,cost_price,550.00,578.00,New rate from TechLink Accessories Wholesale on invoice,2026-07-15T17:00:00+05:30,USR-019,USR-019,
SHOP-010,PRD-0244,selling_price,999.00,1049.00,Passed on supplier increase,2026-07-15T17:00:00+05:30,USR-019,USR-019,
SHOP-039,PRD-0976,cost_price,18.00,19.00,New rate from Metro FMCG Agency on invoice,2026-07-16T17:00:00+05:30,USR-077,USR-077,
SHOP-039,PRD-0976,selling_price,25.00,26.00,Passed on supplier increase,2026-07-16T17:00:00+05:30,USR-077,USR-077,
SHOP-043,PRD-1076,cost_price,85.00,88.00,New rate from Metro FMCG Agency on invoice,2026-07-17T17:00:00+05:30,USR-085,USR-085,
SHOP-043,PRD-1076,selling_price,105.00,108.00,Passed on supplier increase,2026-07-17T17:00:00+05:30,USR-085,USR-085,
SHOP-011,PRD-0252,cost_price,380.00,410.00,New rate from Shree Balaji Traders on invoice,2026-07-17T17:00:00+05:30,USR-021,USR-021,
SHOP-011,PRD-0252,selling_price,440.00,465.00,Passed on supplier increase,2026-07-17T17:00:00+05:30,USR-021,USR-021,
SHOP-008,PRD-0198,cost_price,15.00,16.00,New rate from Deccan Hardware Distributors on invoice,2026-07-17T17:00:00+05:30,USR-015,USR-015,
SHOP-008,PRD-0198,selling_price,25.00,27.00,Passed on supplier increase,2026-07-17T17:00:00+05:30,USR-015,USR-015,
SHOP-033,PRD-0823,cost_price,15.00,16.00,New rate from Golden Crust Bakery Supplies on invoice,2026-07-18T17:00:00+05:30,USR-065,USR-065,
SHOP-033,PRD-0823,selling_price,25.00,26.00,Passed on supplier increase,2026-07-18T17:00:00+05:30,USR-065,USR-065,
SHOP-050,PRD-1245,cost_price,12.00,13.00,New rate from Annapurna Foods Distributors on invoice,2026-07-18T17:00:00+05:30,USR-099,USR-099,
SHOP-050,PRD-1245,selling_price,18.00,19.00,Passed on supplier increase,2026-07-18T17:00:00+05:30,USR-099,USR-099,
SHOP-019,PRD-0454,cost_price,90.00,97.00,New rate from Deccan Hardware Distributors on invoice,2026-07-20T17:00:00+05:30,USR-037,USR-037,
SHOP-019,PRD-0454,selling_price,120.00,130.00,Passed on supplier increase,2026-07-20T17:00:00+05:30,USR-037,USR-037,
SHOP-045,PRD-1106,cost_price,95.00,103.00,New rate from Shree Balaji Traders on invoice,2026-07-21T17:00:00+05:30,USR-089,USR-089,
SHOP-045,PRD-1106,selling_price,120.00,130.00,Passed on supplier increase,2026-07-21T17:00:00+05:30,USR-089,USR-089,
SHOP-018,PRD-0431,cost_price,75.00,77.00,New rate from Nandi Milk Co-operative on invoice,2026-07-21T17:00:00+05:30,USR-035,USR-035,
SHOP-018,PRD-0431,selling_price,95.00,98.00,Passed on supplier increase,2026-07-21T17:00:00+05:30,USR-035,USR-035,
SHOP-002,PRD-0034,cost_price,90.00,97.00,New rate from Deccan Hardware Distributors on invoice,2026-07-21T17:00:00+05:30,USR-003,USR-003,
SHOP-002,PRD-0034,selling_price,120.00,130.00,Passed on supplier increase,2026-07-21T17:00:00+05:30,USR-003,USR-003,
SHOP-031,PRD-0763,cost_price,320.00,339.00,New rate from Colorline Paints Depot on invoice,2026-07-22T17:00:00+05:30,USR-061,USR-061,
SHOP-031,PRD-0763,selling_price,390.00,410.00,Passed on supplier increase,2026-07-22T17:00:00+05:30,USR-061,USR-061,
SHOP-050,PRD-1244,cost_price,30.00,32.00,New rate from Annapurna Foods Distributors on invoice,2026-07-23T17:00:00+05:30,USR-099,USR-099,
SHOP-050,PRD-1244,selling_price,40.00,42.00,Passed on supplier increase,2026-07-23T17:00:00+05:30,USR-099,USR-099,
SHOP-032,PRD-0806,cost_price,15.00,16.00,New rate from Metro FMCG Agency on invoice,2026-07-24T17:00:00+05:30,USR-063,USR-063,
SHOP-032,PRD-0806,selling_price,20.00,21.00,Passed on supplier increase,2026-07-24T17:00:00+05:30,USR-063,USR-063,
SHOP-039,PRD-0972,cost_price,30.00,32.00,New rate from Shree Balaji Traders on invoice,2026-07-24T17:00:00+05:30,USR-077,USR-077,
SHOP-039,PRD-0972,selling_price,38.00,40.00,Passed on supplier increase,2026-07-24T17:00:00+05:30,USR-077,USR-077,
SHOP-035,PRD-0872,cost_price,60.00,65.00,New rate from TechLink Accessories Wholesale on invoice,2026-07-26T17:00:00+05:30,USR-069,USR-069,
SHOP-035,PRD-0872,selling_price,149.00,160.00,Passed on supplier increase,2026-07-26T17:00:00+05:30,USR-069,USR-069,
SHOP-035,PRD-0871,cost_price,60.00,65.00,New rate from TechLink Accessories Wholesale on invoice,2026-07-26T17:00:00+05:30,USR-069,USR-069,
SHOP-035,PRD-0871,selling_price,149.00,160.00,Passed on supplier increase,2026-07-26T17:00:00+05:30,USR-069,USR-069,
SHOP-035,PRD-0861,cost_price,110.00,116.00,New rate from TechLink Accessories Wholesale on invoice,2026-07-26T17:00:00+05:30,USR-069,USR-069,
SHOP-035,PRD-0861,selling_price,299.00,314.00,Passed on supplier increase,2026-07-26T17:00:00+05:30,USR-069,USR-069,
SHOP-036,PRD-0901,cost_price,75.00,77.00,New rate from Metro FMCG Agency on invoice,2026-07-27T17:00:00+05:30,USR-071,USR-071,
SHOP-036,PRD-0901,selling_price,95.00,98.00,Passed on supplier increase,2026-07-27T17:00:00+05:30,USR-071,USR-071,
SHOP-050,PRD-1252,cost_price,75.00,81.00,New rate from Metro FMCG Agency on invoice,2026-07-27T17:00:00+05:30,USR-099,USR-099,
SHOP-050,PRD-1252,selling_price,95.00,100.00,Passed on supplier increase,2026-07-27T17:00:00+05:30,USR-099,USR-099,
SHOP-009,PRD-0220,cost_price,22.00,23.00,New rate from Saraswati Book Depot on invoice,2026-07-30T17:00:00+05:30,USR-017,USR-017,
SHOP-009,PRD-0220,selling_price,30.00,31.00,Passed on supplier increase,2026-07-30T17:00:00+05:30,USR-017,USR-017,
SHOP-026,PRD-0647,cost_price,28.00,29.00,New rate from Shree Balaji Traders on invoice,2026-07-30T17:00:00+05:30,USR-051,USR-051,
SHOP-026,PRD-0647,selling_price,35.00,37.00,Passed on supplier increase,2026-07-30T17:00:00+05:30,USR-051,USR-051,
SHOP-010,PRD-0245,cost_price,80.00,85.00,New rate from TechLink Accessories Wholesale on invoice,2026-08-01T17:00:00+05:30,USR-019,USR-019,
SHOP-010,PRD-0245,selling_price,249.00,264.00,Passed on supplier increase,2026-08-01T17:00:00+05:30,USR-019,USR-019,
SHOP-006,PRD-0129,cost_price,380.00,410.00,New rate from Shree Balaji Traders on invoice,2026-08-04T17:00:00+05:30,USR-011,USR-011,
SHOP-006,PRD-0129,selling_price,440.00,465.00,Passed on supplier increase,2026-08-04T17:00:00+05:30,USR-011,USR-011,
SHOP-040,PRD-0987,cost_price,35.00,36.00,New rate from Saraswati Book Depot on invoice,2026-08-04T17:00:00+05:30,USR-079,USR-079,
SHOP-040,PRD-0987,selling_price,50.00,52.00,Passed on supplier increase,2026-08-04T17:00:00+05:30,USR-079,USR-079,
SHOP-007,PRD-0167,cost_price,12.00,13.00,New rate from Golden Crust Bakery Supplies on invoice,2026-08-05T17:00:00+05:30,USR-013,USR-013,
SHOP-007,PRD-0167,selling_price,20.00,21.00,Passed on supplier increase,2026-08-05T17:00:00+05:30,USR-013,USR-013,
SHOP-017,PRD-0419,cost_price,28.00,30.00,New rate from Shree Balaji Traders on invoice,2026-08-05T17:00:00+05:30,USR-033,USR-033,
SHOP-017,PRD-0419,selling_price,35.00,37.00,Passed on supplier increase,2026-08-05T17:00:00+05:30,USR-033,USR-033,
SHOP-031,PRD-0764,cost_price,45.00,47.00,New rate from Colorline Paints Depot on invoice,2026-08-06T17:00:00+05:30,USR-061,USR-061,
SHOP-031,PRD-0764,selling_price,65.00,68.00,Passed on supplier increase,2026-08-06T17:00:00+05:30,USR-061,USR-061,
SHOP-034,PRD-0854,cost_price,25.00,26.00,New rate from Saraswati Book Depot on invoice,2026-08-09T17:00:00+05:30,USR-067,USR-067,
SHOP-034,PRD-0854,selling_price,35.00,36.00,Passed on supplier increase,2026-08-09T17:00:00+05:30,USR-067,USR-067,
SHOP-019,PRD-0457,cost_price,1450.00,1566.00,New rate from Colorline Paints Depot on invoice,2026-08-10T17:00:00+05:30,USR-037,USR-037,
SHOP-019,PRD-0457,selling_price,1750.00,1840.00,Passed on supplier increase,2026-08-10T17:00:00+05:30,USR-037,USR-037,
SHOP-048,PRD-1187,cost_price,650.00,689.00,New rate from Colorline Paints Depot on invoice,2026-08-11T17:00:00+05:30,USR-095,USR-095,
SHOP-048,PRD-1187,selling_price,780.00,820.00,Passed on supplier increase,2026-08-11T17:00:00+05:30,USR-095,USR-095,
SHOP-040,PRD-0992,cost_price,18.00,19.00,New rate from Saraswati Book Depot on invoice,2026-08-11T17:00:00+05:30,USR-079,USR-079,
SHOP-040,PRD-0992,selling_price,25.00,26.00,Passed on supplier increase,2026-08-11T17:00:00+05:30,USR-079,USR-079,
SHOP-041,PRD-1016,cost_price,25.00,26.00,New rate from TechLink Accessories Wholesale on invoice,2026-08-12T17:00:00+05:30,USR-081,USR-081,
SHOP-041,PRD-1016,selling_price,149.00,158.00,Passed on supplier increase,2026-08-12T17:00:00+05:30,USR-081,USR-081,
SHOP-039,PRD-0976,cost_price,19.00,21.00,New rate from Metro FMCG Agency on invoice,2026-08-13T17:00:00+05:30,USR-077,USR-077,
SHOP-039,PRD-0976,selling_price,26.00,28.00,Passed on supplier increase,2026-08-13T17:00:00+05:30,USR-077,USR-077,
SHOP-033,PRD-0814,cost_price,10.00,11.00,New rate from Nandi Milk Co-operative on invoice,2026-08-13T17:00:00+05:30,USR-065,USR-065,
SHOP-033,PRD-0814,selling_price,15.00,16.00,Passed on supplier increase,2026-08-13T17:00:00+05:30,USR-065,USR-065,
SHOP-001,PRD-0023,cost_price,85.00,92.00,New rate from Metro FMCG Agency on invoice,2026-08-13T17:00:00+05:30,USR-001,USR-001,
SHOP-001,PRD-0023,selling_price,105.00,113.00,Passed on supplier increase,2026-08-13T17:00:00+05:30,USR-001,USR-001,
SHOP-032,PRD-0796,cost_price,12.00,13.00,New rate from Annapurna Foods Distributors on invoice,2026-08-14T17:00:00+05:30,USR-063,USR-063,
SHOP-032,PRD-0796,selling_price,18.00,19.00,Passed on supplier increase,2026-08-14T17:00:00+05:30,USR-063,USR-063,
SHOP-047,PRD-1167,cost_price,450.00,477.00,New rate from TechLink Accessories Wholesale on invoice,2026-08-16T17:00:00+05:30,USR-093,USR-093,
SHOP-047,PRD-1167,selling_price,999.00,1050.00,Passed on supplier increase,2026-08-16T17:00:00+05:30,USR-093,USR-093,
SHOP-011,PRD-0251,cost_price,85.00,90.00,New rate from Annapurna Foods Distributors on invoice,2026-08-17T17:00:00+05:30,USR-021,USR-021,
SHOP-011,PRD-0251,selling_price,100.00,105.00,Passed on supplier increase,2026-08-17T17:00:00+05:30,USR-021,USR-021,
SHOP-050,PRD-1244,cost_price,32.00,34.00,New rate from Annapurna Foods Distributors on invoice,2026-08-17T17:00:00+05:30,USR-099,USR-099,
SHOP-050,PRD-1244,selling_price,42.00,45.00,Passed on supplier increase,2026-08-17T17:00:00+05:30,USR-099,USR-099,
SHOP-020,PRD-0480,cost_price,380.00,399.00,New rate from Shree Balaji Traders on invoice,2026-08-18T17:00:00+05:30,USR-039,USR-039,
SHOP-020,PRD-0480,selling_price,440.00,462.00,Passed on supplier increase,2026-08-18T17:00:00+05:30,USR-039,USR-039,
SHOP-002,PRD-0034,cost_price,97.00,102.00,New rate from Deccan Hardware Distributors on invoice,2026-08-18T17:00:00+05:30,USR-003,USR-003,
SHOP-023,PRD-0559,cost_price,130.00,134.00,New rate from Annapurna Foods Distributors on invoice,2026-08-18T17:00:00+05:30,USR-045,USR-045,
SHOP-023,PRD-0559,selling_price,150.00,154.00,Passed on supplier increase,2026-08-18T17:00:00+05:30,USR-045,USR-045,
SHOP-049,PRD-1227,cost_price,90.00,93.00,New rate from Nandi Milk Co-operative on invoice,2026-08-18T17:00:00+05:30,USR-097,USR-097,
SHOP-049,PRD-1227,selling_price,120.00,124.00,Passed on supplier increase,2026-08-18T17:00:00+05:30,USR-097,USR-097,
SHOP-034,PRD-0835,cost_price,35.00,37.00,New rate from Saraswati Book Depot on invoice,2026-08-19T17:00:00+05:30,USR-067,USR-067,
SHOP-034,PRD-0835,selling_price,50.00,52.00,Passed on supplier increase,2026-08-19T17:00:00+05:30,USR-067,USR-067,
SHOP-006,PRD-0139,cost_price,27.00,28.00,New rate from Annapurna Foods Distributors on invoice,2026-08-20T17:00:00+05:30,USR-011,USR-011,
SHOP-030,PRD-0725,cost_price,1150.00,1208.00,New rate from Shree Balaji Traders on invoice,2026-08-20T17:00:00+05:30,USR-059,USR-059,
SHOP-030,PRD-0725,selling_price,1300.00,1365.00,Passed on supplier increase,2026-08-20T17:00:00+05:30,USR-059,USR-059,
SHOP-005,PRD-0108,cost_price,117.00,126.00,New rate from TechLink Accessories Wholesale on invoice,2026-08-21T17:00:00+05:30,USR-009,USR-009,
SHOP-031,PRD-0758,cost_price,90.00,94.00,New rate from Deccan Hardware Distributors on invoice,2026-08-21T17:00:00+05:30,USR-061,USR-061,
SHOP-031,PRD-0758,selling_price,120.00,126.00,Passed on supplier increase,2026-08-21T17:00:00+05:30,USR-061,USR-061,
SHOP-046,PRD-1146,cost_price,45.00,47.00,New rate from Saraswati Book Depot on invoice,2026-08-24T17:00:00+05:30,USR-091,USR-091,
SHOP-046,PRD-1146,selling_price,60.00,63.00,Passed on supplier increase,2026-08-24T17:00:00+05:30,USR-091,USR-091,
SHOP-006,PRD-0152,cost_price,165.00,170.00,New rate from Shree Balaji Traders on invoice,2026-08-24T17:00:00+05:30,USR-011,USR-011,
SHOP-006,PRD-0152,selling_price,195.00,201.00,Passed on supplier increase,2026-08-24T17:00:00+05:30,USR-011,USR-011,
SHOP-013,PRD-0317,cost_price,30.00,32.00,New rate from Shree Balaji Traders on invoice,2026-08-25T17:00:00+05:30,USR-025,USR-025,
SHOP-013,PRD-0317,selling_price,38.00,40.00,Passed on supplier increase,2026-08-25T17:00:00+05:30,USR-025,USR-025,
SHOP-006,PRD-0129,cost_price,410.00,430.00,New rate from Shree Balaji Traders on invoice,2026-08-26T17:00:00+05:30,USR-011,USR-011,
SHOP-010,PRD-0236,cost_price,650.00,682.00,New rate from Volt Mobile Distributors on invoice,2026-08-27T17:00:00+05:30,USR-019,USR-019,
SHOP-010,PRD-0236,selling_price,1199.00,1259.00,Passed on supplier increase,2026-08-27T17:00:00+05:30,USR-019,USR-019,
SHOP-042,PRD-1029,cost_price,360.00,378.00,New rate from Deccan Hardware Distributors on invoice,2026-08-27T17:00:00+05:30,USR-083,USR-083,
SHOP-042,PRD-1029,selling_price,410.00,430.00,Passed on supplier increase,2026-08-27T17:00:00+05:30,USR-083,USR-083,
SHOP-036,PRD-0887,cost_price,110.00,116.00,New rate from Metro FMCG Agency on invoice,2026-08-28T17:00:00+05:30,USR-071,USR-071,
SHOP-036,PRD-0887,selling_price,130.00,136.00,Passed on supplier increase,2026-08-28T17:00:00+05:30,USR-071,USR-071,
SHOP-024,PRD-0593,cost_price,110.00,119.00,New rate from Golden Crust Bakery Supplies on invoice,2026-08-28T17:00:00+05:30,USR-047,USR-047,
SHOP-024,PRD-0593,selling_price,150.00,160.00,Passed on supplier increase,2026-08-28T17:00:00+05:30,USR-047,USR-047,
SHOP-017,PRD-0407,cost_price,130.00,140.00,New rate from Annapurna Foods Distributors on invoice,2026-08-28T17:00:00+05:30,USR-033,USR-033,
SHOP-017,PRD-0407,selling_price,150.00,160.00,Passed on supplier increase,2026-08-28T17:00:00+05:30,USR-033,USR-033,
SHOP-035,PRD-0876,cost_price,40.00,42.00,New rate from TechLink Accessories Wholesale on invoice,2026-08-29T17:00:00+05:30,USR-069,USR-069,
SHOP-035,PRD-0876,selling_price,99.00,104.00,Passed on supplier increase,2026-08-29T17:00:00+05:30,USR-069,USR-069,
SHOP-004,PRD-0087,cost_price,120.00,130.00,New rate from Nandi Milk Co-operative on invoice,2026-08-30T17:00:00+05:30,USR-007,USR-007,
SHOP-004,PRD-0087,selling_price,145.00,155.00,Passed on supplier increase,2026-08-30T17:00:00+05:30,USR-007,USR-007,
SHOP-008,PRD-0190,cost_price,180.00,185.00,New rate from Pragati Pipes & Fittings on invoice,2026-08-31T17:00:00+05:30,USR-015,USR-015,
SHOP-008,PRD-0190,selling_price,240.00,247.00,Passed on supplier increase,2026-08-31T17:00:00+05:30,USR-015,USR-015,
SHOP-036,PRD-0899,cost_price,85.00,92.00,New rate from Metro FMCG Agency on invoice,2026-09-01T17:00:00+05:30,USR-071,USR-071,
SHOP-036,PRD-0899,selling_price,105.00,113.00,Passed on supplier increase,2026-09-01T17:00:00+05:30,USR-071,USR-071,
SHOP-025,PRD-0611,cost_price,320.00,346.00,New rate from Colorline Paints Depot on invoice,2026-09-02T17:00:00+05:30,USR-049,USR-049,
SHOP-025,PRD-0611,selling_price,390.00,410.00,Passed on supplier increase,2026-09-02T17:00:00+05:30,USR-049,USR-049,
SHOP-042,PRD-1042,cost_price,45.00,47.00,New rate from Deccan Hardware Distributors on invoice,2026-09-03T17:00:00+05:30,USR-083,USR-083,
SHOP-042,PRD-1042,selling_price,60.00,63.00,Passed on supplier increase,2026-09-03T17:00:00+05:30,USR-083,USR-083,
SHOP-024,PRD-0581,cost_price,32.00,35.00,New rate from Nandi Milk Co-operative on invoice,2026-09-03T17:00:00+05:30,USR-047,USR-047,
SHOP-024,PRD-0581,selling_price,35.00,38.00,Passed on supplier increase,2026-09-03T17:00:00+05:30,USR-047,USR-047,
SHOP-013,PRD-0321,cost_price,18.00,19.00,New rate from Metro FMCG Agency on invoice,2026-09-05T17:00:00+05:30,USR-025,USR-025,
SHOP-013,PRD-0321,selling_price,25.00,27.00,Passed on supplier increase,2026-09-05T17:00:00+05:30,USR-025,USR-025,
SHOP-037,PRD-0912,cost_price,650.00,670.00,New rate from Colorline Paints Depot on invoice,2026-09-07T17:00:00+05:30,USR-073,USR-073,
SHOP-037,PRD-0912,selling_price,780.00,803.00,Passed on supplier increase,2026-09-07T17:00:00+05:30,USR-073,USR-073,
SHOP-008,PRD-0199,cost_price,110.00,113.00,New rate from Deccan Hardware Distributors on invoice,2026-09-08T17:00:00+05:30,USR-015,USR-015,
SHOP-008,PRD-0199,selling_price,150.00,154.00,Passed on supplier increase,2026-09-08T17:00:00+05:30,USR-015,USR-015,
SHOP-048,PRD-1198,cost_price,65.00,69.00,New rate from Deccan Hardware Distributors on invoice,2026-09-08T17:00:00+05:30,USR-095,USR-095,
SHOP-048,PRD-1198,selling_price,99.00,105.00,Passed on supplier increase,2026-09-08T17:00:00+05:30,USR-095,USR-095,
SHOP-028,PRD-0682,cost_price,32.00,35.00,New rate from Nandi Milk Co-operative on invoice,2026-09-08T17:00:00+05:30,USR-055,USR-055,
SHOP-028,PRD-0682,selling_price,35.00,38.00,Passed on supplier increase,2026-09-08T17:00:00+05:30,USR-055,USR-055,
SHOP-008,PRD-0176,cost_price,160.00,168.00,New rate from Pragati Pipes & Fittings on invoice,2026-09-11T17:00:00+05:30,USR-015,USR-015,
SHOP-008,PRD-0176,selling_price,210.00,220.00,Passed on supplier increase,2026-09-11T17:00:00+05:30,USR-015,USR-015,
SHOP-032,PRD-0796,cost_price,13.00,14.00,New rate from Annapurna Foods Distributors on invoice,2026-09-12T17:00:00+05:30,USR-063,USR-063,
SHOP-032,PRD-0796,selling_price,19.00,20.00,Passed on supplier increase,2026-09-12T17:00:00+05:30,USR-063,USR-063,
SHOP-047,PRD-1159,cost_price,70.00,74.00,New rate from TechLink Accessories Wholesale on invoice,2026-09-13T17:00:00+05:30,USR-093,USR-093,
SHOP-047,PRD-1159,selling_price,199.00,210.00,Passed on supplier increase,2026-09-13T17:00:00+05:30,USR-093,USR-093,
SHOP-001,PRD-0010,cost_price,165.00,173.00,New rate from Annapurna Foods Distributors on invoice,2026-09-13T17:00:00+05:30,USR-001,USR-001,
SHOP-001,PRD-0010,selling_price,190.00,200.00,Passed on supplier increase,2026-09-13T17:00:00+05:30,USR-001,USR-001,
SHOP-007,PRD-0166,cost_price,110.00,113.00,New rate from Golden Crust Bakery Supplies on invoice,2026-09-13T17:00:00+05:30,USR-013,USR-013,
SHOP-007,PRD-0166,selling_price,150.00,154.00,Passed on supplier increase,2026-09-13T17:00:00+05:30,USR-013,USR-013,
SHOP-004,PRD-0089,cost_price,40.00,42.00,New rate from Golden Crust Bakery Supplies on invoice,2026-09-14T17:00:00+05:30,USR-007,USR-007,
SHOP-004,PRD-0089,selling_price,50.00,53.00,Passed on supplier increase,2026-09-14T17:00:00+05:30,USR-007,USR-007,
SHOP-032,PRD-0807,cost_price,165.00,175.00,New rate from Shree Balaji Traders on invoice,2026-09-14T17:00:00+05:30,USR-063,USR-063,
SHOP-032,PRD-0807,selling_price,195.00,205.00,Passed on supplier increase,2026-09-14T17:00:00+05:30,USR-063,USR-063,
SHOP-020,PRD-0485,cost_price,110.00,113.00,New rate from Metro FMCG Agency on invoice,2026-09-14T17:00:00+05:30,USR-039,USR-039,
SHOP-020,PRD-0485,selling_price,130.00,134.00,Passed on supplier increase,2026-09-14T17:00:00+05:30,USR-039,USR-039,
SHOP-039,PRD-0963,cost_price,110.00,117.00,New rate from Metro FMCG Agency on invoice,2026-09-15T17:00:00+05:30,USR-077,USR-077,
SHOP-039,PRD-0963,selling_price,130.00,138.00,Passed on supplier increase,2026-09-15T17:00:00+05:30,USR-077,USR-077,
SHOP-031,PRD-0765,cost_price,120.00,126.00,New rate from Colorline Paints Depot on invoice,2026-09-15T17:00:00+05:30,USR-061,USR-061,
SHOP-031,PRD-0765,selling_price,160.00,168.00,Passed on supplier increase,2026-09-15T17:00:00+05:30,USR-061,USR-061,
SHOP-001,PRD-0016,cost_price,25.00,26.00,New rate from Annapurna Foods Distributors on invoice,2026-09-15T17:00:00+05:30,USR-001,USR-001,
SHOP-001,PRD-0016,selling_price,32.00,33.00,Passed on supplier increase,2026-09-15T17:00:00+05:30,USR-001,USR-001,
SHOP-045,PRD-1112,cost_price,18.00,19.00,New rate from Shree Balaji Traders on invoice,2026-09-16T17:00:00+05:30,USR-089,USR-089,
SHOP-045,PRD-1112,selling_price,25.00,26.00,Passed on supplier increase,2026-09-16T17:00:00+05:30,USR-089,USR-089,
SHOP-032,PRD-0779,cost_price,1150.00,1208.00,New rate from Shree Balaji Traders on invoice,2026-09-16T17:00:00+05:30,USR-063,USR-063,
SHOP-032,PRD-0779,selling_price,1300.00,1365.00,Passed on supplier increase,2026-09-16T17:00:00+05:30,USR-063,USR-063,
SHOP-036,PRD-0905,cost_price,165.00,170.00,New rate from Shree Balaji Traders on invoice,2026-09-17T17:00:00+05:30,USR-071,USR-071,
SHOP-036,PRD-0905,selling_price,195.00,201.00,Passed on supplier increase,2026-09-17T17:00:00+05:30,USR-071,USR-071,
SHOP-016,PRD-0384,cost_price,650.00,702.00,New rate from TechLink Accessories Wholesale on invoice,2026-09-19T17:00:00+05:30,USR-031,USR-031,
SHOP-016,PRD-0384,selling_price,1299.00,1365.00,Passed on supplier increase,2026-09-19T17:00:00+05:30,USR-031,USR-031,
SHOP-044,PRD-1097,cost_price,12.00,13.00,New rate from Golden Crust Bakery Supplies on invoice,2026-09-19T17:00:00+05:30,USR-087,USR-087,
SHOP-044,PRD-1097,selling_price,20.00,21.00,Passed on supplier increase,2026-09-19T17:00:00+05:30,USR-087,USR-087,
SHOP-043,PRD-1078,cost_price,75.00,79.00,New rate from Metro FMCG Agency on invoice,2026-09-21T17:00:00+05:30,USR-085,USR-085,
SHOP-043,PRD-1078,selling_price,95.00,100.00,Passed on supplier increase,2026-09-21T17:00:00+05:30,USR-085,USR-085,
SHOP-017,PRD-0405,cost_price,40.00,41.00,New rate from Shree Balaji Traders on invoice,2026-09-21T17:00:00+05:30,USR-033,USR-033,
SHOP-017,PRD-0405,selling_price,46.00,47.00,Passed on supplier increase,2026-09-21T17:00:00+05:30,USR-033,USR-033,
SHOP-031,PRD-0760,cost_price,650.00,670.00,New rate from Colorline Paints Depot on invoice,2026-09-22T17:00:00+05:30,USR-061,USR-061,
SHOP-031,PRD-0760,selling_price,780.00,803.00,Passed on supplier increase,2026-09-22T17:00:00+05:30,USR-061,USR-061,
SHOP-042,PRD-1038,cost_price,320.00,336.00,New rate from Colorline Paints Depot on invoice,2026-09-22T17:00:00+05:30,USR-083,USR-083,
SHOP-042,PRD-1038,selling_price,390.00,410.00,Passed on supplier increase,2026-09-22T17:00:00+05:30,USR-083,USR-083,
SHOP-036,PRD-0902,cost_price,70.00,74.00,New rate from Metro FMCG Agency on invoice,2026-09-22T17:00:00+05:30,USR-071,USR-071,
SHOP-036,PRD-0902,selling_price,90.00,94.00,Passed on supplier increase,2026-09-22T17:00:00+05:30,USR-071,USR-071,
SHOP-004,PRD-0101,cost_price,90.00,97.00,New rate from Nandi Milk Co-operative on invoice,2026-09-23T17:00:00+05:30,USR-007,USR-007,
SHOP-004,PRD-0101,selling_price,120.00,130.00,Passed on supplier increase,2026-09-23T17:00:00+05:30,USR-007,USR-007,
SHOP-021,PRD-0513,selling_price,15.00,16.00,Passed on supplier increase,2026-09-23T17:00:00+05:30,USR-041,USR-041,
SHOP-005,PRD-0107,cost_price,450.00,477.00,New rate from Volt Mobile Distributors on invoice,2026-09-23T17:00:00+05:30,USR-009,USR-009,
SHOP-005,PRD-0107,selling_price,899.00,945.00,Passed on supplier increase,2026-09-23T17:00:00+05:30,USR-009,USR-009,
SHOP-015,PRD-0361,cost_price,10.00,11.00,New rate from Saraswati Book Depot on invoice,2026-09-24T17:00:00+05:30,USR-029,USR-029,
SHOP-015,PRD-0361,selling_price,15.00,16.00,Passed on supplier increase,2026-09-24T17:00:00+05:30,USR-029,USR-029,
SHOP-025,PRD-0616,cost_price,220.00,238.00,New rate from Pragati Pipes & Fittings on invoice,2026-09-24T17:00:00+05:30,USR-049,USR-049,
SHOP-025,PRD-0616,selling_price,290.00,305.00,Passed on supplier increase,2026-09-24T17:00:00+05:30,USR-049,USR-049,
SHOP-021,PRD-0528,cost_price,25.00,26.00,New rate from Saraswati Book Depot on invoice,2026-09-26T17:00:00+05:30,USR-041,USR-041,
SHOP-021,PRD-0528,selling_price,35.00,37.00,Passed on supplier increase,2026-09-26T17:00:00+05:30,USR-041,USR-041,
SHOP-039,PRD-0965,cost_price,22.00,23.00,New rate from Metro FMCG Agency on invoice,2026-09-27T17:00:00+05:30,USR-077,USR-077,
SHOP-039,PRD-0965,selling_price,30.00,31.00,Passed on supplier increase,2026-09-27T17:00:00+05:30,USR-077,USR-077,
SHOP-030,PRD-0751,cost_price,25.00,26.00,New rate from Metro FMCG Agency on invoice,2026-09-27T17:00:00+05:30,USR-059,USR-059,
SHOP-030,PRD-0751,selling_price,35.00,37.00,Passed on supplier increase,2026-09-27T17:00:00+05:30,USR-059,USR-059,
SHOP-036,PRD-0884,cost_price,18.00,19.00,New rate from Shree Balaji Traders on invoice,2026-09-27T17:00:00+05:30,USR-071,USR-071,
SHOP-036,PRD-0884,selling_price,25.00,26.00,Passed on supplier increase,2026-09-27T17:00:00+05:30,USR-071,USR-071,
SHOP-002,PRD-0044,cost_price,220.00,238.00,New rate from Pragati Pipes & Fittings on invoice,2026-09-28T17:00:00+05:30,USR-003,USR-003,
SHOP-002,PRD-0044,selling_price,290.00,305.00,Passed on supplier increase,2026-09-28T17:00:00+05:30,USR-003,USR-003,
SHOP-004,PRD-0085,cost_price,290.00,352.00,New rate from Nandi Milk Co-operative on invoice,2026-09-27T17:00:00+05:30,USR-007,USR-007,
