id,shop_id,sku,name,category,unit,cost_price,selling_price,mrp,gst_rate,stock_qty,reorder_level,reorder_qty,preferred_supplier_id,is_active,created_at
PRD-0001,SHOP-001,KIR-001,Sona Masoori Rice 25kg,rice,bag,1150.00,1300.00,1365.00,5.00,6,4,10,SUP-001,True,2026-07-02T08:00:00+05:30
PRD-0002,SHOP-001,KIR-002,Basmati Rice 1kg,rice,packet,95.00,120.00,130.00,5.00,9,10,30,SUP-001,True,2026-07-02T08:00:00+05:30
PRD-0003,SHOP-001,KIR-003,Toor Dal 1kg,pulses,packet,140.00,165.00,175.00,5.00,2,8,24,SUP-002,True,2026-07-02T08:00:00+05:30
PRD-0004,SHOP-001,KIR-004,Moong Dal 1kg,pulses,packet,115.00,135.00,145.00,5.00,19,6,20,SUP-002,True,2026-07-02T08:00:00+05:30
PRD-0005,SHOP-001,KIR-005,Chana Dal 1kg,pulses,packet,85.00,100.00,105.00,5.00,18,6,20,SUP-002,True,2026-07-02T08:00:00+05:30
PRD-0006,SHOP-001,KIR-006,Wheat Atta 10kg,flour,bag,380.00,440.00,465.00,5.00,14,5,15,SUP-001,True,2026-07-02T08:00:00+05:30
PRD-0007,SHOP-001,KIR-007,Sugar 1kg,staples,packet,43.00,50.00,50.00,5.00,39,12,40,SUP-001,True,2026-07-02T08:00:00+05:30
PRD-0008,SHOP-001,KIR-008,Iodised Salt 1kg,staples,packet,18.00,25.00,30.00,0.00,35,10,30,SUP-001,True,2026-07-02T08:00:00+05:30
PRD-0009,SHOP-001,KIR-009,Sunflower Oil 1L,oil,pouch,130.00,150.00,160.00,5.00,3,10,30,SUP-002,True,2026-07-02T08:00:00+05:30
PRD-0010,SHOP-001,KIR-010,Groundnut Oil 1L,oil,pouch,165.00,190.00,200.00,5.00,12,6,20,SUP-002,True,2026-07-02T08:00:00+05:30
PRD-0011,SHOP-001,KIR-011,Tea Powder 250g,beverages,packet,116.00,136.00,140.00,5.00,24,8,24,SUP-003,True,2026-07-02T08:00:00+05:30
PRD-0012,SHOP-001,KIR-012,Coffee Powder 200g,beverages,packet,140.00,165.00,175.00,5.00,16,5,15,SUP-003,True,2026-07-02T08:00:00+05:30
PRD-0013,SHOP-001,KIR-013,Glucose Biscuits 200g,snacks,packet,22.00,30.00,35.00,18.00,23,15,48,SUP-003,True,2026-07-02T08:00:00+05:30
PRD-0014,SHOP-001,KIR-014,Cream Biscuits 100g,snacks,packet,18.00,25.00,30.00,18.00,22,12,48,SUP-003,True,2026-07-02T08:00:00+05:30
PRD-0015,SHOP-001,KIR-015,Instant Noodles 70g,snacks,packet,12.00,15.00,20.00,12.00,46,20,60,SUP-003,True,2026-07-02T08:00:00+05:30
PRD-0016,SHOP-001,KIR-016,Turmeric Powder 100g,spices,packet,25.00,32.00,35.00,5.00,17,6,20,SUP-002,True,2026-07-02T08:00:00+05:30
PRD-0017,SHOP-001,KIR-017,Red Chilli Powder 100g,spices,packet,30.00,40.00,45.00,5.00,18,6,20,SUP-002,True,2026-07-02T08:00:00+05:30
PRD-0018,SHOP-001,KIR-018,Mustard Seeds 100g,spices,packet,12.00,18.00,20.00,5.00,14,5,20,SUP-002,True,2026-07-02T08:00:00+05:30
PRD-0019,SHOP-001,KIR-019,Cumin Seeds 100g,spices,packet,35.00,45.00,50.00,5.00,15,5,20,SUP-002,True,2026-07-02T08:00:00+05:30
PRD-0020,SHOP-001,KIR-020,Poha 500g,breakfast,packet,30.00,38.00,40.00,5.00,20,6,20,SUP-001,True,2026-07-02T08:00:00+05:30
PRD-0021,SHOP-001,KIR-021,Rava 500g,breakfast,packet,28.00,35.00,40.00,5.00,12,6,20,SUP-001,True,2026-07-02T08:00:00+05:30
PRD-0022,SHOP-001,KIR-022,Bath Soap 100g,personal_care,piece,28.00,38.00,40.00,18.00,21,12,48,SUP-003,True,2026-07-02T08:00:00+05:30
PRD-0023,SHOP-001,KIR-023,Detergent Powder 1kg,household,packet,85.00,105.00,115.00,18.00,16,8,24,SUP-003,True,2026-07-02T08:00:00+05:30
PRD-0024,SHOP-001,KIR-024,Dishwash Bar 200g,household,piece,18.00,25.00,30.00,18.00,17,10,36,SUP-003,True,2026-07-02T08:00:00+05:30
PRD-0025,SHOP-001,KIR-025,Toothpaste 150g,personal_care,tube,75.00,95.00,100.00,18.00,5,6,24,SUP-003,True,2026-07-02T08:00:00+05:30
PRD-0026,SHOP-001,KIR-026,Coconut Hair Oil 200ml,personal_care,bottle,70.00,90.00,95.00,18.00,14,5,20,SUP-003,True,2026-07-02T08:00:00+05:30
PRD-0027,SHOP-001,KIR-027,Agarbatti Pack,pooja,pack,25.00,35.00,40.00,5.00,23,6,24,SUP-003,True,2026-07-02T08:00:00+05:30
PRD-0028,SHOP-001,KIR-028,Matchbox Pack of 10,household,pack,15.00,20.00,25.00,12.00,23,8,30,SUP-003,True,2026-07-02T08:00:00+05:30
PRD-0029,SHOP-001,KIR-029,Eggs Tray of 30,eggs,tray,173.00,205.00,205.00,0.00,13,3,10,SUP-001,True,2026-07-02T08:00:00+05:30
PRD-0030,SHOP-002,HW-001,OPC Cement 50kg bag,cement,bag,360.00,410.00,435.00,28.00,6,20,80,SUP-004,True,2026-07-02T08:00:00+05:30
PRD-0031,SHOP-002,HW-002,PVC Pipe 1 inch 3m,plumbing,piece,160.00,210.00,225.00,18.00,35,10,40,SUP-006,True,2026-07-02T08:00:00+05:30
PRD-0032,SHOP-002,HW-003,PVC Elbow 1 inch,plumbing,piece,13.00,21.00,25.00,18.00,54,25,100,SUP-006,True,2026-07-02T08:00:00+05:30
PRD-0033,SHOP-002,HW-004,Wire Nails 2 inch 1kg,fasteners,kg,75.00,95.00,100.00,18.00,10,8,25,SUP-004,True,2026-07-02T08:00:00+05:30
PRD-0034,SHOP-002,HW-005,Wood Screws Box of 100,fasteners,box,90.00,120.00,130.00,18.00,14,5,20,SUP-004,True,2026-07-02T08:00:00+05:30
PRD-0035,SHOP-002,HW-006,GI Binding Wire 1kg,construction,kg,85.00,105.00,115.00,18.00,23,8,25,SUP-004,True,2026-07-02T08:00:00+05:30
PRD-0036,SHOP-002,HW-007,Wall Putty 20kg,paints,bag,682.00,819.00,820.00,18.00,14,4,12,SUP-005,True,2026-07-02T08:00:00+05:30
PRD-0037,SHOP-002,HW-008,Exterior Emulsion Paint 4L,paints,can,1450.00,1750.00,1840.00,18.00,4,3,10,SUP-005,True,2026-07-02T08:00:00+05:30
PRD-0038,SHOP-002,HW-009,Interior Emulsion Paint 4L,paints,can,980.00,1200.00,1260.00,18.00,13,3,10,SUP-005,True,2026-07-02T08:00:00+05:30
PRD-0039,SHOP-002,HW-010,Enamel Paint 1L,paints,can,320.00,390.00,410.00,18.00,10,5,15,SUP-005,True,2026-07-02T08:00:00+05:30
PRD-0040,SHOP-002,HW-011,Paint Brush 2 inch,paints,piece,45.00,65.00,70.00,18.00,23,8,30,SUP-005,True,2026-07-02T08:00:00+05:30
PRD-0041,SHOP-002,HW-012,Paint Roller 9 inch,paints,piece,120.00,160.00,170.00,18.00,9,4,15,SUP-005,True,2026-07-02T08:00:00+05:30
PRD-0042,SHOP-002,HW-013,Sandpaper Sheet,paints,sheet,8.00,12.00,15.00,18.00,110,20,100,SUP-005,True,2026-07-02T08:00:00+05:30
PRD-0043,SHOP-002,HW-014,Epoxy Putty 100g,adhesives,piece,49.00,65.00,65.00,18.00,28,8,30,SUP-004,True,2026-07-02T08:00:00+05:30
PRD-0044,SHOP-002,HW-015,Brass Water Tap,plumbing,piece,220.00,290.00,305.00,18.00,5,5,15,SUP-006,True,2026-07-02T08:00:00+05:30
PRD-0045,SHOP-002,HW-016,Ball Valve 1 inch,plumbing,piece,180.00,240.00,255.00,18.00,7,4,15,SUP-006,True,2026-07-02T08:00:00+05:30
PRD-0046,SHOP-002,HW-017,Teflon Tape,plumbing,roll,10.00,20.00,25.00,18.00,34,15,60,SUP-006,True,2026-07-02T08:00:00+05:30
PRD-0047,SHOP-002,HW-018,LED Bulb 9W,electrical,piece,65.00,99.00,105.00,18.00,49,15,50,SUP-004,True,2026-07-02T08:00:00+05:30
PRD-0048,SHOP-002,HW-019,Electrical Wire 1.5 sqmm 90m,electrical,coil,1350.00,1650.00,1735.00,18.00,9,3,8,SUP-004,True,2026-07-02T08:00:00+05:30
PRD-0049,SHOP-002,HW-020,Switch 6A,electrical,piece,25.00,40.00,45.00,18.00,33,15,50,SUP-004,True,2026-07-02T08:00:00+05:30
PRD-0050,SHOP-002,HW-021,Extension Board 4-way,electrical,piece,210.00,280.00,295.00,18.00,12,4,12,SUP-004,True,2026-07-02T08:00:00+05:30
PRD-0051,SHOP-002,HW-022,Padlock 50mm,security,piece,140.00,190.00,200.00,18.00,12,4,12,SUP-004,True,2026-07-02T08:00:00+05:30
PRD-0052,SHOP-002,HW-023,Measuring Tape 5m,tools,piece,90.00,130.00,140.00,18.00,14,4,12,SUP-004,True,2026-07-02T08:00:00+05:30
PRD-0053,SHOP-002,HW-024,Hacksaw Blade,tools,piece,15.00,25.00,30.00,18.00,23,10,40,SUP-004,True,2026-07-02T08:00:00+05:30
PRD-0054,SHOP-002,HW-025,Cement Trowel,tools,piece,110.00,150.00,160.00,18.00,12,3,10,SUP-004,True,2026-07-02T08:00:00+05:30
PRD-0055,SHOP-003,ST-001,A4 Copier Paper 500 sheets,paper,ream,230.00,280.00,295.00,12.00,51,8,30,SUP-008,True,2026-07-02T08:00:00+05:30
PRD-0056,SHOP-003,ST-002,Ruled Notebook 200 pages,notebooks,piece,38.00,50.00,55.00,12.00,53,20,80,SUP-007,True,2026-07-02T08:00:00+05:30
PRD-0057,SHOP-003,ST-003,Long Notebook 172 pages,notebooks,piece,49.00,65.00,65.00,12.00,53,15,60,SUP-007,True,2026-07-02T08:00:00+05:30
PRD-0058,SHOP-003,ST-004,Blue Ball Pen Pack of 10,pens,pack,50.00,70.00,75.00,18.00,10,10,30,SUP-007,True,2026-07-02T08:00:00+05:30
PRD-0059,SHOP-003,ST-005,Black Gel Pen,pens,piece,8.00,12.00,15.00,18.00,97,30,100,SUP-007,True,2026-07-02T08:00:00+05:30
PRD-0060,SHOP-003,ST-006,HB Pencil Pack of 10,pencils,pack,35.00,50.00,55.00,12.00,28,8,30,SUP-007,True,2026-07-02T08:00:00+05:30
PRD-0061,SHOP-003,ST-007,Eraser,pencils,piece,3.00,5.00,10.00,12.00,88,30,100,SUP-007,True,2026-07-02T08:00:00+05:30
PRD-0062,SHOP-003,ST-008,Sharpener,pencils,piece,4.00,6.00,10.00,12.00,66,30,100,SUP-007,True,2026-07-02T08:00:00+05:30
PRD-0063,SHOP-003,ST-009,Geometry Box,instruments,piece,95.00,130.00,140.00,18.00,11,5,20,SUP-007,True,2026-07-02T08:00:00+05:30
PRD-0064,SHOP-003,ST-010,Scale 30cm,instruments,piece,10.00,15.00,20.00,12.00,36,15,50,SUP-007,True,2026-07-02T08:00:00+05:30
PRD-0065,SHOP-003,ST-011,Glue Stick 15g,adhesives,piece,18.00,25.00,30.00,18.00,31,10,40,SUP-007,True,2026-07-02T08:00:00+05:30
PRD-0066,SHOP-003,ST-012,White Glue 100g,adhesives,bottle,24.00,32.00,35.00,18.00,27,8,30,SUP-007,True,2026-07-02T08:00:00+05:30
PRD-0067,SHOP-003,ST-013,Sketch Pens Set of 12,art,set,45.00,60.00,65.00,18.00,18,6,24,SUP-007,True,2026-07-02T08:00:00+05:30
PRD-0068,SHOP-003,ST-014,Crayons Box of 12,art,box,30.00,45.00,50.00,18.00,8,6,24,SUP-007,True,2026-07-02T08:00:00+05:30
PRD-0069,SHOP-003,ST-015,Chart Paper,paper,sheet,6.00,10.00,15.00,12.00,108,30,100,SUP-008,True,2026-07-02T08:00:00+05:30
PRD-0070,SHOP-003,ST-016,Brown Cover Roll,paper,roll,25.00,35.00,40.00,12.00,20,8,30,SUP-008,True,2026-07-02T08:00:00+05:30
PRD-0071,SHOP-003,ST-017,Stapler,office,piece,85.00,120.00,130.00,18.00,10,4,12,SUP-008,True,2026-07-02T08:00:00+05:30
PRD-0072,SHOP-003,ST-018,Stapler Pins Box,office,box,12.00,18.00,20.00,18.00,14,10,40,SUP-008,True,2026-07-02T08:00:00+05:30
PRD-0073,SHOP-003,ST-019,Basic Calculator,office,piece,180.00,250.00,265.00,18.00,6,3,10,SUP-008,True,2026-07-02T08:00:00+05:30
PRD-0074,SHOP-003,ST-020,Highlighter,pens,piece,18.00,25.00,30.00,18.00,28,10,40,SUP-007,True,2026-07-02T08:00:00+05:30
PRD-0075,SHOP-003,ST-021,Whiteboard Marker,pens,piece,22.00,30.00,35.00,18.00,36,10,40,SUP-007,True,2026-07-02T08:00:00+05:30
PRD-0076,SHOP-003,ST-022,File Folder,office,piece,12.00,20.00,25.00,18.00,46,15,50,SUP-008,True,2026-07-02T08:00:00+05:30
PRD-0077,SHOP-003,ST-023,Envelopes Pack of 25,office,pack,30.00,45.00,50.00,12.00,15,6,20,SUP-008,True,2026-07-02T08:00:00+05:30
PRD-0078,SHOP-003,ST-024,Exam Pad,office,piece,55.00,80.00,85.00,18.00,14,6,20,SUP-007,True,2026-07-02T08:00:00+05:30
PRD-0079,SHOP-003,ST-025,Correction Pen,pens,piece,25.00,35.00,40.00,18.00,16,6,20,SUP-007,False,2026-07-02T08:00:00+05:30
PRD-0080,SHOP-004,DB-001,Toned Milk 500ml,milk,pouch,25.00,28.00,30.00,0.00,50,30,100,SUP-009,True,2026-07-02T08:00:00+05:30
PRD-0081,SHOP-004,DB-002,Full Cream Milk 500ml,milk,pouch,32.00,35.00,40.00,0.00,76,20,60,SUP-009,True,2026-07-02T08:00:00+05:30
PRD-0082,SHOP-004,DB-003,Curd 500g,dairy,cup,30.00,38.00,40.00,5.00,12,10,30,SUP-009,True,2026-07-02T08:00:00+05:30
PRD-0083,SHOP-004,DB-004,Paneer 200g,dairy,packet,75.00,95.00,100.00,5.00,2,6,20,SUP-009,True,2026-07-02T08:00:00+05:30
PRD-0084,SHOP-004,DB-005,Butter 100g,dairy,packet,52.00,60.00,65.00,12.00,12,6,20,SUP-009,True,2026-07-02T08:00:00+05:30
PRD-0085,SHOP-004,DB-006,Ghee 500ml,dairy,jar,352.00,340.00,360.00,12.00,6,4,12,SUP-009,True,2026-07-02T08:00:00+05:30
PRD-0086,SHOP-004,DB-007,Buttermilk 200ml,dairy,pouch,10.00,15.00,20.00,0.00,60,15,50,SUP-009,True,2026-07-02T08:00:00+05:30
PRD-0087,SHOP-004,DB-008,Cheese Slices 200g,dairy,packet,130.00,155.00,155.00,12.00,10,4,12,SUP-009,True,2026-07-02T08:00:00+05:30
PRD-0088,SHOP-004,DB-009,White Bread 400g,bread,loaf,32.00,40.00,45.00,0.00,11,10,30,SUP-010,True,2026-07-02T08:00:00+05:30
PRD-0089,SHOP-004,DB-010,Brown Bread 400g,bread,loaf,40.00,50.00,55.00,0.00,10,6,20,SUP-010,True,2026-07-02T08:00:00+05:30
PRD-0090,SHOP-004,DB-011,Pav Pack of 6,bread,pack,25.00,35.00,40.00,0.00,16,8,25,SUP-010,True,2026-07-02T08:00:00+05:30
PRD-0091,SHOP-004,DB-012,Rusk 300g,bakery,packet,45.00,60.00,65.00,5.00,21,6,20,SUP-010,True,2026-07-02T08:00:00+05:30
PRD-0092,SHOP-004,DB-013,Butter Cookies 200g,bakery,packet,60.00,90.00,95.00,18.00,5,5,15,SUP-010,True,2026-07-02T08:00:00+05:30
PRD-0093,SHOP-004,DB-014,Plum Cake 300g,bakery,piece,110.00,150.00,160.00,18.00,5,3,10,SUP-010,True,2026-07-02T08:00:00+05:30
PRD-0094,SHOP-004,DB-015,Veg Puff,bakery,piece,12.00,20.00,25.00,5.00,12,10,30,SUP-010,True,2026-07-02T08:00:00+05:30
PRD-0095,SHOP-004,DB-016,Cream Roll,bakery,piece,15.00,25.00,30.00,18.00,12,8,25,SUP-010,True,2026-07-02T08:00:00+05:30
PRD-0096,SHOP-004,DB-017,Birthday Cake 1kg,cakes,piece,450.00,650.00,685.00,18.00,4,1,3,SUP-010,True,2026-07-02T08:00:00+05:30
PRD-0097,SHOP-004,DB-018,Muffins Pack of 4,bakery,pack,60.00,90.00,95.00,18.00,9,4,12,SUP-010,True,2026-07-02T08:00:00+05:30
PRD-0098,SHOP-004,DB-019,Eggs Pack of 6,eggs,pack,39.00,49.00,50.00,0.00,24,8,25,SUP-009,True,2026-07-02T08:00:00+05:30
PRD-0099,SHOP-004,DB-020,Flavoured Milk 200ml,milk,bottle,22.00,30.00,35.00,12.00,15,10,30,SUP-009,True,2026-07-02T08:00:00+05:30
PRD-0100,SHOP-004,DB-021,Lassi 200ml,dairy,bottle,20.00,30.00,35.00,5.00,18,8,24,SUP-009,True,2026-07-02T08:00:00+05:30
PRD-0101,SHOP-004,DB-022,Khoa 250g,dairy,packet,90.00,120.00,130.00,5.00,10,3,10,SUP-009,True,2026-07-02T08:00:00+05:30
PRD-0102,SHOP-005,MOB-001,USB-C Cable 1m,cables,piece,70.00,199.00,210.00,18.00,12,10,40,SUP-011,True,2026-07-02T08:00:00+05:30
PRD-0103,SHOP-005,MOB-002,Lightning Cable 1m,cables,piece,120.00,299.00,315.00,18.00,4,5,20,SUP-011,True,2026-07-02T08:00:00+05:30
PRD-0104,SHOP-005,MOB-003,Micro USB Cable 1m,cables,piece,52.00,153.00,160.00,18.00,11,5,20,SUP-011,True,2026-07-02T08:00:00+05:30
PRD-0105,SHOP-005,MOB-004,20W Fast Charger,chargers,piece,280.00,599.00,630.00,18.00,23,5,20,SUP-012,True,2026-07-02T08:00:00+05:30
PRD-0106,SHOP-005,MOB-005,10W Charger,chargers,piece,140.00,349.00,370.00,18.00,12,4,15,SUP-012,True,2026-07-02T08:00:00+05:30
PRD-0107,SHOP-005,MOB-006,33W Charging Adapter,chargers,piece,450.00,899.00,945.00,18.00,5,3,10,SUP-012,True,2026-07-02T08:00:00+05:30
PRD-0108,SHOP-005,MOB-007,Wired Earphones,audio,piece,110.00,299.00,315.00,18.00,27,6,24,SUP-011,True,2026-07-02T08:00:00+05:30
PRD-0109,SHOP-005,MOB-008,Bluetooth Earbuds,audio,piece,650.00,1299.00,1365.00,18.00,9,4,12,SUP-011,True,2026-07-02T08:00:00+05:30
PRD-0110,SHOP-005,MOB-009,Neckband Earphones,audio,piece,472.00,1049.00,1050.00,18.00,11,3,10,SUP-011,True,2026-07-02T08:00:00+05:30
PRD-0111,SHOP-005,MOB-010,Tempered Glass Screen Guard,protection,piece,25.00,149.00,160.00,18.00,26,20,80,SUP-011,True,2026-07-02T08:00:00+05:30
PRD-0112,SHOP-005,MOB-011,Silicone Back Cover,protection,piece,40.00,199.00,210.00,18.00,53,15,60,SUP-011,True,2026-07-02T08:00:00+05:30
PRD-0113,SHOP-005,MOB-012,Power Bank 10000mAh,power,piece,650.00,1199.00,1260.00,18.00,9,3,10,SUP-012,True,2026-07-02T08:00:00+05:30
PRD-0114,SHOP-005,MOB-013,Car Charger,chargers,piece,150.00,349.00,370.00,18.00,4,3,10,SUP-012,True,2026-07-02T08:00:00+05:30
PRD-0115,SHOP-005,MOB-014,Memory Card 64GB,storage,piece,380.00,599.00,630.00,18.00,5,4,12,SUP-012,True,2026-07-02T08:00:00+05:30
PRD-0116,SHOP-005,MOB-015,Pendrive 32GB,storage,piece,280.00,449.00,475.00,18.00,11,4,12,SUP-012,True,2026-07-02T08:00:00+05:30
PRD-0117,SHOP-005,MOB-016,OTG Adapter,adapters,piece,30.00,99.00,105.00,18.00,17,6,24,SUP-011,True,2026-07-02T08:00:00+05:30
PRD-0118,SHOP-005,MOB-017,Type-C to 3.5mm Adapter,adapters,piece,60.00,149.00,160.00,18.00,10,5,20,SUP-011,True,2026-07-02T08:00:00+05:30
PRD-0119,SHOP-005,MOB-018,Phone Stand,accessories,piece,60.00,149.00,160.00,18.00,4,4,15,SUP-011,True,2026-07-02T08:00:00+05:30
PRD-0120,SHOP-005,MOB-019,Selfie Stick,accessories,piece,180.00,399.00,420.00,18.00,8,2,8,SUP-011,True,2026-07-02T08:00:00+05:30
PRD-0121,SHOP-005,MOB-020,Mini Bluetooth Speaker,audio,piece,550.00,999.00,1050.00,18.00,10,2,8,SUP-011,True,2026-07-02T08:00:00+05:30
PRD-0122,SHOP-005,MOB-021,Smart Watch Strap,accessories,piece,80.00,249.00,265.00,18.00,16,4,15,SUP-011,True,2026-07-02T08:00:00+05:30
PRD-0123,SHOP-005,MOB-022,Screen Cleaning Kit,accessories,piece,40.00,99.00,105.00,18.00,14,5,20,SUP-011,True,2026-07-02T08:00:00+05:30
