id,shop_id,supplier_id,status,ordered_at,expected_on,received_at,total_amount,notes,created_by,idempotency_key,created_at
PO-00001,SHOP-047,SUP-011,received,2026-07-06T19:00:00+05:30,2026-07-12,2026-07-12T10:00:00+05:30,4400.00,,USR-093,,2026-07-06T19:00:00+05:30
PO-00002,SHOP-008,SUP-004,received,2026-07-07T19:00:00+05:30,2026-07-12,2026-07-12T10:00:00+05:30,1875.00,,USR-015,,2026-07-07T19:00:00+05:30
PO-00003,SHOP-050,SUP-001,received,2026-07-08T19:00:00+05:30,2026-07-10,2026-07-10T10:00:00+05:30,1730.00,,USR-099,,2026-07-08T19:00:00+05:30
PO-00004,SHOP-036,SUP-001,received,2026-07-11T19:00:00+05:30,2026-07-13,2026-07-13T10:00:00+05:30,11500.00,,USR-071,,2026-07-11T19:00:00+05:30
PO-00005,SHOP-008,SUP-005,received,2026-07-12T19:00:00+05:30,2026-07-16,2026-07-16T10:00:00+05:30,9800.00,,USR-015,,2026-07-12T19:00:00+05:30
PO-00006,SHOP-045,SUP-001,received,2026-07-12T19:00:00+05:30,2026-07-14,2026-07-14T10:00:00+05:30,5700.00,,USR-089,,2026-07-12T19:00:00+05:30
PO-00007,SHOP-018,SUP-009,received,2026-07-13T19:00:00+05:30,2026-07-14,2026-07-14T10:00:00+05:30,900.00,,USR-035,,2026-07-13T19:00:00+05:30
PO-00008,SHOP-019,SUP-006,received,2026-07-13T19:00:00+05:30,2026-07-16,2026-07-16T10:00:00+05:30,2700.00,,USR-037,,2026-07-13T19:00:00+05:30
PO-00009,SHOP-028,SUP-009,received,2026-07-13T19:00:00+05:30,2026-07-14,2026-07-14T10:00:00+05:30,900.00,,USR-055,,2026-07-13T19:00:00+05:30
PO-00010,SHOP-011,SUP-001,received,2026-07-14T19:00:00+05:30,2026-07-16,2026-07-16T10:00:00+05:30,11500.00,,USR-021,,2026-07-14T19:00:00+05:30
PO-00011,SHOP-019,SUP-004,received,2026-07-14T19:00:00+05:30,2026-07-19,2026-07-19T10:00:00+05:30,1080.00,,USR-037,,2026-07-14T19:00:00+05:30
PO-00012,SHOP-037,SUP-006,received,2026-07-14T19:00:00+05:30,2026-07-17,2026-07-17T10:00:00+05:30,3300.00,,USR-073,,2026-07-14T19:00:00+05:30
PO-00013,SHOP-044,SUP-010,received,2026-07-14T19:00:00+05:30,2026-07-15,2026-07-15T10:00:00+05:30,800.00,,USR-087,,2026-07-14T19:00:00+05:30
PO-00014,SHOP-050,SUP-001,received,2026-07-14T19:00:00+05:30,2026-07-16,2026-07-16T10:00:00+05:30,5700.00,,USR-099,,2026-07-14T19:00:00+05:30
PO-00015,SHOP-026,SUP-002,received,2026-07-15T19:00:00+05:30,2026-07-18,2026-07-18T10:00:00+05:30,3360.00,,USR-051,,2026-07-15T19:00:00+05:30
PO-00016,SHOP-032,SUP-001,received,2026-07-15T19:00:00+05:30,2026-07-17,2026-07-17T10:00:00+05:30,1650.00,,USR-063,,2026-07-15T19:00:00+05:30
PO-00017,SHOP-048,SUP-004,received,2026-07-15T19:00:00+05:30,2026-07-20,2026-07-20T10:00:00+05:30,1800.00,,USR-095,,2026-07-15T19:00:00+05:30
PO-00018,SHOP-004,SUP-009,received,2026-07-17T19:00:00+05:30,2026-07-18,2026-07-18T10:00:00+05:30,3480.00,,USR-007,,2026-07-17T19:00:00+05:30
PO-00019,SHOP-011,SUP-002,received,2026-07-18T19:00:00+05:30,2026-07-21,2026-07-21T10:00:00+05:30,1700.00,,USR-021,,2026-07-18T19:00:00+05:30
PO-00020,SHOP-017,SUP-001,received,2026-07-18T19:00:00+05:30,2026-07-20,2026-07-20T10:00:00+05:30,6045.00,,USR-033,,2026-07-18T19:00:00+05:30
PO-00021,SHOP-003,SUP-008,received,2026-07-19T19:00:00+05:30,2026-07-21,2026-07-24T10:00:00+05:30,1800.00,,USR-005,,2026-07-19T19:00:00+05:30
PO-00022,SHOP-020,SUP-001,received,2026-07-19T19:00:00+05:30,2026-07-21,2026-07-21T10:00:00+05:30,1600.00,,USR-039,,2026-07-19T19:00:00+05:30
PO-00023,SHOP-026,SUP-001,received,2026-07-19T19:00:00+05:30,2026-07-21,2026-07-21T10:00:00+05:30,11500.00,,USR-051,,2026-07-19T19:00:00+05:30
PO-00024,SHOP-037,SUP-004,received,2026-07-19T19:00:00+05:30,2026-07-24,2026-07-24T10:00:00+05:30,1875.00,,USR-073,,2026-07-19T19:00:00+05:30
PO-00025,SHOP-037,SUP-005,received,2026-07-19T19:00:00+05:30,2026-07-23,2026-07-23T10:00:00+05:30,9800.00,,USR-073,,2026-07-19T19:00:00+05:30
PO-00026,SHOP-007,SUP-009,received,2026-07-20T19:00:00+05:30,2026-07-21,2026-07-21T10:00:00+05:30,1500.00,,USR-013,,2026-07-20T19:00:00+05:30
PO-00027,SHOP-026,SUP-003,partially_received,2026-07-20T19:00:00+05:30,2026-07-24,2026-07-24T10:00:00+05:30,1400.00,,USR-051,,2026-07-20T19:00:00+05:30
PO-00028,SHOP-045,SUP-001,received,2026-07-20T19:00:00+05:30,2026-07-22,2026-07-22T10:00:00+05:30,1750.00,,USR-089,,2026-07-20T19:00:00+05:30
PO-00029,SHOP-017,SUP-001,received,2026-07-21T19:00:00+05:30,2026-07-23,2026-07-23T10:00:00+05:30,11500.00,,USR-033,,2026-07-21T19:00:00+05:30
PO-00030,SHOP-020,SUP-001,received,2026-07-21T19:00:00+05:30,2026-07-23,2026-07-25T10:00:00+05:30,5700.00,,USR-039,,2026-07-21T19:00:00+05:30
PO-00031,SHOP-025,SUP-004,partially_received,2026-07-21T19:00:00+05:30,2026-07-26,2026-07-29T10:00:00+05:30,1875.00,,USR-049,,2026-07-21T19:00:00+05:30
PO-00032,SHOP-020,SUP-001,partially_received,2026-07-22T19:00:00+05:30,2026-07-24,2026-07-24T10:00:00+05:30,1650.00,,USR-039,,2026-07-22T19:00:00+05:30
PO-00033,SHOP-011,SUP-001,received,2026-07-23T19:00:00+05:30,2026-07-25,2026-07-25T10:00:00+05:30,6150.00,,USR-021,,2026-07-23T19:00:00+05:30
PO-00034,SHOP-014,SUP-005,received,2026-07-23T19:00:00+05:30,2026-07-27,2026-07-27T10:00:00+05:30,14500.00,,USR-027,,2026-07-23T19:00:00+05:30
PO-00035,SHOP-028,SUP-009,received,2026-07-23T19:00:00+05:30,2026-07-24,2026-07-24T10:00:00+05:30,1500.00,,USR-055,,2026-07-23T19:00:00+05:30
PO-00036,SHOP-035,SUP-011,received,2026-07-23T19:00:00+05:30,2026-07-29,2026-07-29T10:00:00+05:30,4500.00,,USR-069,,2026-07-23T19:00:00+05:30
PO-00037,SHOP-037,SUP-004,received,2026-07-23T19:00:00+05:30,2026-07-28,2026-07-28T10:00:00+05:30,2125.00,,USR-073,,2026-07-23T19:00:00+05:30
PO-00038,SHOP-044,SUP-009,received,2026-07-23T19:00:00+05:30,2026-07-24,2026-07-25T10:00:00+05:30,1440.00,,USR-087,,2026-07-23T19:00:00+05:30
PO-00039,SHOP-050,SUP-001,received,2026-07-23T19:00:00+05:30,2026-07-25,2026-07-25T10:00:00+05:30,11500.00,,USR-099,,2026-07-23T19:00:00+05:30
PO-00040,SHOP-013,SUP-001,received,2026-07-24T19:00:00+05:30,2026-07-26,2026-07-26T10:00:00+05:30,5700.00,,USR-025,,2026-07-24T19:00:00+05:30
PO-00041,SHOP-035,SUP-012,received,2026-07-24T19:00:00+05:30,2026-07-28,2026-07-28T10:00:00+05:30,6500.00,,USR-069,,2026-07-24T19:00:00+05:30
PO-00042,SHOP-016,SUP-011,received,2026-07-25T19:00:00+05:30,2026-07-31,2026-07-31T10:00:00+05:30,4500.00,,USR-031,,2026-07-25T19:00:00+05:30
PO-00043,SHOP-036,SUP-001,received,2026-07-25T19:00:00+05:30,2026-07-27,2026-07-29T10:00:00+05:30,1650.00,,USR-071,,2026-07-25T19:00:00+05:30
PO-00044,SHOP-037,SUP-005,received,2026-07-25T19:00:00+05:30,2026-07-29,2026-07-29T10:00:00+05:30,4800.00,,USR-073,,2026-07-25T19:00:00+05:30
PO-00045,SHOP-038,SUP-010,received,2026-07-25T19:00:00+05:30,2026-07-26,2026-07-26T10:00:00+05:30,1350.00,,USR-075,,2026-07-25T19:00:00+05:30
PO-00046,SHOP-011,SUP-003,received,2026-07-26T19:00:00+05:30,2026-07-30,2026-07-30T10:00:00+05:30,2100.00,,USR-021,,2026-07-26T19:00:00+05:30
PO-00047,SHOP-042,SUP-006,received,2026-07-26T19:00:00+05:30,2026-07-29,2026-07-29T10:00:00+05:30,2700.00,,USR-083,,2026-07-26T19:00:00+05:30
PO-00048,SHOP-050,SUP-002,partially_received,2026-07-26T19:00:00+05:30,2026-07-29,2026-08-01T10:00:00+05:30,3900.00,,USR-099,,2026-07-26T19:00:00+05:30
PO-00049,SHOP-011,SUP-001,received,2026-07-27T19:00:00+05:30,2026-07-29,2026-07-29T10:00:00+05:30,11500.00,,USR-021,,2026-07-27T19:00:00+05:30
PO-00050,SHOP-028,SUP-009,received,2026-07-27T19:00:00+05:30,2026-07-28,2026-07-28T10:00:00+05:30,900.00,,USR-055,,2026-07-27T19:00:00+05:30
PO-00051,SHOP-035,SUP-011,partially_received,2026-07-27T19:00:00+05:30,2026-08-02,2026-08-03T10:00:00+05:30,975.00,,USR-069,,2026-07-27T19:00:00+05:30
PO-00052,SHOP-037,SUP-004,received,2026-07-27T19:00:00+05:30,2026-08-01,2026-08-01T10:00:00+05:30,10800.00,,USR-073,,2026-07-27T19:00:00+05:30
PO-00053,SHOP-042,SUP-004,received,2026-07-27T19:00:00+05:30,2026-08-01,2026-08-01T10:00:00+05:30,1875.00,,USR-083,,2026-07-27T19:00:00+05:30
PO-00054,SHOP-004,SUP-009,received,2026-07-28T19:00:00+05:30,2026-07-29,2026-07-29T10:00:00+05:30,900.00,,USR-007,,2026-07-28T19:00:00+05:30
PO-00055,SHOP-008,SUP-004,received,2026-07-28T19:00:00+05:30,2026-08-02,2026-08-02T10:00:00+05:30,1875.00,,USR-015,,2026-07-28T19:00:00+05:30
PO-00056,SHOP-023,SUP-001,received,2026-07-28T19:00:00+05:30,2026-07-30,2026-07-31T10:00:00+05:30,11500.00,,USR-045,,2026-07-28T19:00:00+05:30
PO-00057,SHOP-024,SUP-009,received,2026-07-28T19:00:00+05:30,2026-07-29,2026-07-29T10:00:00+05:30,1440.00,,USR-047,,2026-07-28T19:00:00+05:30
PO-00058,SHOP-026,SUP-003,received,2026-07-28T19:00:00+05:30,2026-08-01,2026-08-01T10:00:00+05:30,2100.00,,USR-051,,2026-07-28T19:00:00+05:30
PO-00059,SHOP-032,SUP-001,partially_received,2026-07-28T19:00:00+05:30,2026-07-30,2026-07-30T10:00:00+05:30,5700.00,,USR-063,,2026-07-28T19:00:00+05:30
PO-00060,SHOP-044,SUP-010,received,2026-07-28T19:00:00+05:30,2026-07-29,2026-07-29T10:00:00+05:30,1350.00,,USR-087,,2026-07-28T19:00:00+05:30
PO-00061,SHOP-008,SUP-006,received,2026-07-29T19:00:00+05:30,2026-08-01,2026-08-01T10:00:00+05:30,3300.00,,USR-015,,2026-07-29T19:00:00+05:30
PO-00062,SHOP-016,SUP-011,received,2026-07-29T19:00:00+05:30,2026-08-04,2026-08-04T10:00:00+05:30,4400.00,,USR-031,,2026-07-29T19:00:00+05:30
PO-00063,SHOP-018,SUP-010,received,2026-07-29T19:00:00+05:30,2026-07-30,2026-07-30T10:00:00+05:30,360.00,,USR-035,,2026-07-29T19:00:00+05:30
PO-00064,SHOP-033,SUP-009,received,2026-07-29T19:00:00+05:30,2026-07-30,2026-07-30T10:00:00+05:30,1500.00,,USR-065,,2026-07-29T19:00:00+05:30
PO-00065,SHOP-004,SUP-010,received,2026-07-30T19:00:00+05:30,2026-07-31,2026-07-31T10:00:00+05:30,900.00,,USR-007,,2026-07-30T19:00:00+05:30
PO-00066,SHOP-008,SUP-005,received,2026-07-30T19:00:00+05:30,2026-08-03,2026-08-06T10:00:00+05:30,4800.00,,USR-015,,2026-07-30T19:00:00+05:30
PO-00067,SHOP-018,SUP-009,received,2026-07-30T19:00:00+05:30,2026-07-31,2026-07-31T10:00:00+05:30,3480.00,,USR-035,,2026-07-30T19:00:00+05:30
PO-00068,SHOP-019,SUP-004,received,2026-07-30T19:00:00+05:30,2026-08-04,2026-08-06T10:00:00+05:30,2520.00,,USR-037,,2026-07-30T19:00:00+05:30
PO-00069,SHOP-023,SUP-001,received,2026-07-30T19:00:00+05:30,2026-08-01,2026-08-01T10:00:00+05:30,5700.00,,USR-045,,2026-07-30T19:00:00+05:30
PO-00070,SHOP-031,SUP-006,received,2026-07-30T19:00:00+05:30,2026-08-02,2026-08-02T10:00:00+05:30,2700.00,,USR-061,,2026-07-30T19:00:00+05:30
PO-00071,SHOP-035,SUP-012,received,2026-07-30T19:00:00+05:30,2026-08-03,2026-08-03T10:00:00+05:30,5600.00,,USR-069,,2026-07-30T19:00:00+05:30
PO-00072,SHOP-036,SUP-002,received,2026-07-30T19:00:00+05:30,2026-08-02,2026-08-05T10:00:00+05:30,3360.00,,USR-071,,2026-07-30T19:00:00+05:30
PO-00073,SHOP-037,SUP-005,received,2026-07-30T19:00:00+05:30,2026-08-03,2026-08-03T10:00:00+05:30,1800.00,,USR-073,,2026-07-30T19:00:00+05:30
PO-00074,SHOP-024,SUP-010,received,2026-07-31T19:00:00+05:30,2026-08-01,2026-08-01T10:00:00+05:30,1100.00,,USR-047,,2026-07-31T19:00:00+05:30
PO-00075,SHOP-045,SUP-001,received,2026-07-31T19:00:00+05:30,2026-08-02,2026-08-02T10:00:00+05:30,12190.00,,USR-089,,2026-07-31T19:00:00+05:30
PO-00076,SHOP-018,SUP-010,received,2026-08-01T19:00:00+05:30,2026-08-02,2026-08-02T10:00:00+05:30,1350.00,,USR-035,,2026-08-01T19:00:00+05:30
PO-00077,SHOP-028,SUP-009,received,2026-08-01T19:00:00+05:30,2026-08-02,2026-08-02T10:00:00+05:30,1440.00,,USR-055,,2026-08-01T19:00:00+05:30
PO-00078,SHOP-028,SUP-010,received,2026-08-01T19:00:00+05:30,2026-08-02,2026-08-02T10:00:00+05:30,1350.00,,USR-055,,2026-08-01T19:00:00+05:30
PO-00079,SHOP-033,SUP-009,received,2026-08-01T19:00:00+05:30,2026-08-02,2026-08-02T10:00:00+05:30,900.00,,USR-065,,2026-08-01T19:00:00+05:30
PO-00080,SHOP-037,SUP-004,received,2026-08-01T19:00:00+05:30,2026-08-06,2026-08-06T10:00:00+05:30,2520.00,,USR-073,,2026-08-01T19:00:00+05:30
PO-00081,SHOP-039,SUP-001,received,2026-08-01T19:00:00+05:30,2026-08-03,2026-08-03T10:00:00+05:30,640.00,,USR-077,,2026-08-01T19:00:00+05:30
PO-00082,SHOP-025,SUP-004,received,2026-08-02T19:00:00+05:30,2026-08-07,2026-08-07T10:00:00+05:30,10800.00,,USR-049,,2026-08-02T19:00:00+05:30
PO-00083,SHOP-028,SUP-010,received,2026-08-02T19:00:00+05:30,2026-08-03,2026-08-03T10:00:00+05:30,900.00,,USR-055,,2026-08-02T19:00:00+05:30
PO-00084,SHOP-031,SUP-004,received,2026-08-02T19:00:00+05:30,2026-08-07,2026-08-07T10:00:00+05:30,2125.00,,USR-061,,2026-08-02T19:00:00+05:30
PO-00085,SHOP-042,SUP-004,received,2026-08-02T19:00:00+05:30,2026-08-07,2026-08-07T10:00:00+05:30,1080.00,,USR-083,,2026-08-02T19:00:00+05:30
PO-00086,SHOP-044,SUP-009,received,2026-08-02T19:00:00+05:30,2026-08-03,2026-08-04T10:00:00+05:30,900.00,,USR-087,,2026-08-02T19:00:00+05:30
PO-00087,SHOP-017,SUP-001,received,2026-08-03T19:00:00+05:30,2026-08-05,2026-08-05T10:00:00+05:30,13150.00,,USR-033,,2026-08-03T19:00:00+05:30
PO-00088,SHOP-024,SUP-010,partially_received,2026-08-03T19:00:00+05:30,2026-08-04,2026-08-04T10:00:00+05:30,960.00,,USR-047,,2026-08-03T19:00:00+05:30
PO-00089,SHOP-028,SUP-010,partially_received,2026-08-03T19:00:00+05:30,2026-08-04,2026-08-04T10:00:00+05:30,1100.00,,USR-055,,2026-08-03T19:00:00+05:30
PO-00090,SHOP-035,SUP-011,received,2026-08-03T19:00:00+05:30,2026-08-09,2026-08-09T10:00:00+05:30,7800.00,,USR-069,,2026-08-03T19:00:00+05:30
PO-00091,SHOP-037,SUP-005,received,2026-08-03T19:00:00+05:30,2026-08-07,2026-08-07T10:00:00+05:30,14500.00,,USR-073,,2026-08-03T19:00:00+05:30
PO-00092,SHOP-044,SUP-009,received,2026-08-03T19:00:00+05:30,2026-08-04,2026-08-04T10:00:00+05:30,1040.00,,USR-087,,2026-08-03T19:00:00+05:30
PO-00093,SHOP-005,SUP-012,received,2026-08-04T19:00:00+05:30,2026-08-08,2026-08-08T10:00:00+05:30,5600.00,,USR-009,,2026-08-04T19:00:00+05:30
PO-00094,SHOP-011,SUP-001,partially_received,2026-08-04T19:00:00+05:30,2026-08-06,2026-08-06T10:00:00+05:30,600.00,,USR-021,,2026-08-04T19:00:00+05:30
PO-00095,SHOP-033,SUP-009,received,2026-08-04T19:00:00+05:30,2026-08-05,2026-08-05T10:00:00+05:30,900.00,,USR-065,,2026-08-04T19:00:00+05:30
PO-00096,SHOP-007,SUP-009,received,2026-08-05T19:00:00+05:30,2026-08-06,2026-08-06T10:00:00+05:30,1440.00,,USR-013,,2026-08-05T19:00:00+05:30
PO-00097,SHOP-008,SUP-005,received,2026-08-05T19:00:00+05:30,2026-08-09,2026-08-09T10:00:00+05:30,14500.00,,USR-015,,2026-08-05T19:00:00+05:30
PO-00098,SHOP-012,SUP-009,received,2026-08-05T19:00:00+05:30,2026-08-06,2026-08-06T10:00:00+05:30,900.00,,USR-023,,2026-08-05T19:00:00+05:30
PO-00099,SHOP-012,SUP-010,received,2026-08-05T19:00:00+05:30,2026-08-06,2026-08-06T10:00:00+05:30,900.00,,USR-023,,2026-08-05T19:00:00+05:30
PO-00100,SHOP-013,SUP-001,received,2026-08-05T19:00:00+05:30,2026-08-07,2026-08-07T10:00:00+05:30,1650.00,,USR-025,,2026-08-05T19:00:00+05:30
PO-00101,SHOP-017,SUP-002,received,2026-08-05T19:00:00+05:30,2026-08-08,2026-08-08T10:00:00+05:30,700.00,,USR-033,,2026-08-05T19:00:00+05:30
PO-00102,SHOP-020,SUP-003,received,2026-08-05T19:00:00+05:30,2026-08-09,2026-08-12T10:00:00+05:30,2100.00,,USR-039,,2026-08-05T19:00:00+05:30
PO-00103,SHOP-028,SUP-009,partially_received,2026-08-05T19:00:00+05:30,2026-08-06,2026-08-06T10:00:00+05:30,1040.00,,USR-055,,2026-08-05T19:00:00+05:30
PO-00104,SHOP-028,SUP-010,received,2026-08-05T19:00:00+05:30,2026-08-06,2026-08-06T10:00:00+05:30,800.00,,USR-055,,2026-08-05T19:00:00+05:30
PO-00105,SHOP-039,SUP-002,received,2026-08-05T19:00:00+05:30,2026-08-08,2026-08-08T10:00:00+05:30,3360.00,,USR-077,,2026-08-05T19:00:00+05:30
PO-00106,SHOP-003,SUP-007,received,2026-08-06T19:00:00+05:30,2026-08-11,2026-08-11T10:00:00+05:30,1900.00,,USR-005,,2026-08-06T19:00:00+05:30
PO-00107,SHOP-019,SUP-005,received,2026-08-06T19:00:00+05:30,2026-08-10,2026-08-10T10:00:00+05:30,9800.00,,USR-037,,2026-08-06T19:00:00+05:30
PO-00108,SHOP-028,SUP-010,received,2026-08-06T19:00:00+05:30,2026-08-07,2026-08-07T10:00:00+05:30,960.00,,USR-055,,2026-08-06T19:00:00+05:30
PO-00109,SHOP-033,SUP-010,partially_received,2026-08-06T19:00:00+05:30,2026-08-07,2026-08-08T10:00:00+05:30,800.00,,USR-065,,2026-08-06T19:00:00+05:30
PO-00110,SHOP-036,SUP-002,received,2026-08-06T19:00:00+05:30,2026-08-09,2026-08-09T10:00:00+05:30,2300.00,,USR-071,,2026-08-06T19:00:00+05:30
PO-00111,SHOP-002,SUP-004,received,2026-08-07T19:00:00+05:30,2026-08-12,2026-08-12T10:00:00+05:30,2125.00,,USR-003,,2026-08-07T19:00:00+05:30
PO-00112,SHOP-006,SUP-001,received,2026-08-07T19:00:00+05:30,2026-08-09,2026-08-09T10:00:00+05:30,1650.00,,USR-011,,2026-08-07T19:00:00+05:30
PO-00113,SHOP-013,SUP-002,received,2026-08-07T19:00:00+05:30,2026-08-10,2026-08-10T10:00:00+05:30,3900.00,,USR-025,,2026-08-07T19:00:00+05:30
PO-00114,SHOP-044,SUP-010,received,2026-08-07T19:00:00+05:30,2026-08-08,2026-08-08T10:00:00+05:30,1350.00,,USR-087,,2026-08-07T19:00:00+05:30
PO-00115,SHOP-006,SUP-001,received,2026-08-08T19:00:00+05:30,2026-08-10,2026-08-10T10:00:00+05:30,6150.00,,USR-011,,2026-08-08T19:00:00+05:30
PO-00116,SHOP-011,SUP-002,received,2026-08-08T19:00:00+05:30,2026-08-11,2026-08-11T10:00:00+05:30,2300.00,,USR-021,,2026-08-08T19:00:00+05:30
PO-00117,SHOP-012,SUP-010,received,2026-08-08T19:00:00+05:30,2026-08-09,2026-08-09T10:00:00+05:30,720.00,,USR-023,,2026-08-08T19:00:00+05:30
PO-00118,SHOP-020,SUP-002,received,2026-08-08T19:00:00+05:30,2026-08-11,2026-08-11T10:00:00+05:30,3300.00,,USR-039,,2026-08-08T19:00:00+05:30
PO-00119,SHOP-024,SUP-009,received,2026-08-08T19:00:00+05:30,2026-08-09,2026-08-09T10:00:00+05:30,1040.00,,USR-047,,2026-08-08T19:00:00+05:30
PO-00120,SHOP-025,SUP-005,received,2026-08-08T19:00:00+05:30,2026-08-12,2026-08-12T10:00:00+05:30,7800.00,,USR-049,,2026-08-08T19:00:00+05:30
PO-00121,SHOP-028,SUP-010,received,2026-08-08T19:00:00+05:30,2026-08-09,2026-08-09T10:00:00+05:30,720.00,,USR-055,,2026-08-08T19:00:00+05:30
PO-00122,SHOP-032,SUP-003,received,2026-08-08T19:00:00+05:30,2026-08-12,2026-08-12T10:00:00+05:30,2640.00,,USR-063,,2026-08-08T19:00:00+05:30
PO-00123,SHOP-033,SUP-009,received,2026-08-08T19:00:00+05:30,2026-08-09,2026-08-10T10:00:00+05:30,900.00,,USR-065,,2026-08-08T19:00:00+05:30
PO-00124,SHOP-039,SUP-002,received,2026-08-08T19:00:00+05:30,2026-08-11,2026-08-11T10:00:00+05:30,600.00,,USR-077,,2026-08-08T19:00:00+05:30
PO-00125,SHOP-044,SUP-009,received,2026-08-08T19:00:00+05:30,2026-08-09,2026-08-09T10:00:00+05:30,1500.00,,USR-087,,2026-08-08T19:00:00+05:30
PO-00126,SHOP-006,SUP-002,received,2026-08-09T19:00:00+05:30,2026-08-12,2026-08-12T10:00:00+05:30,2300.00,,USR-011,,2026-08-09T19:00:00+05:30
PO-00127,SHOP-017,SUP-002,received,2026-08-09T19:00:00+05:30,2026-08-12,2026-08-12T10:00:00+05:30,2300.00,,USR-033,,2026-08-09T19:00:00+05:30
PO-00128,SHOP-028,SUP-010,received,2026-08-09T19:00:00+05:30,2026-08-10,2026-08-10T10:00:00+05:30,900.00,,USR-055,,2026-08-09T19:00:00+05:30
PO-00129,SHOP-042,SUP-005,received,2026-08-09T19:00:00+05:30,2026-08-13,2026-08-13T10:00:00+05:30,9800.00,,USR-083,,2026-08-09T19:00:00+05:30
PO-00130,SHOP-047,SUP-012,received,2026-08-09T19:00:00+05:30,2026-08-13,2026-08-13T10:00:00+05:30,2100.00,,USR-093,,2026-08-09T19:00:00+05:30
PO-00131,SHOP-047,SUP-011,received,2026-08-09T19:00:00+05:30,2026-08-15,2026-08-15T10:00:00+05:30,13500.00,,USR-093,,2026-08-09T19:00:00+05:30
PO-00132,SHOP-011,SUP-002,received,2026-08-10T19:00:00+05:30,2026-08-13,2026-08-13T10:00:00+05:30,3300.00,,USR-021,,2026-08-10T19:00:00+05:30
PO-00133,SHOP-017,SUP-001,received,2026-08-10T19:00:00+05:30,2026-08-12,2026-08-12T10:00:00+05:30,1650.00,,USR-033,,2026-08-10T19:00:00+05:30
PO-00134,SHOP-049,SUP-009,received,2026-08-10T19:00:00+05:30,2026-08-11,2026-08-11T10:00:00+05:30,3480.00,,USR-097,,2026-08-10T19:00:00+05:30
PO-00135,SHOP-005,SUP-012,received,2026-08-11T19:00:00+05:30,2026-08-15,2026-08-15T10:00:00+05:30,4500.00,,USR-009,,2026-08-11T19:00:00+05:30
PO-00136,SHOP-008,SUP-004,received,2026-08-11T19:00:00+05:30,2026-08-16,2026-08-16T10:00:00+05:30,28800.00,,USR-015,,2026-08-11T19:00:00+05:30
PO-00137,SHOP-011,SUP-001,received,2026-08-11T19:00:00+05:30,2026-08-13,2026-08-13T10:00:00+05:30,1600.00,,USR-021,,2026-08-11T19:00:00+05:30
PO-00138,SHOP-013,SUP-002,partially_received,2026-08-11T19:00:00+05:30,2026-08-14,2026-08-14T10:00:00+05:30,500.00,,USR-025,,2026-08-11T19:00:00+05:30
PO-00139,SHOP-018,SUP-009,received,2026-08-11T19:00:00+05:30,2026-08-12,2026-08-12T10:00:00+05:30,1540.00,,USR-035,,2026-08-11T19:00:00+05:30
PO-00140,SHOP-028,SUP-009,received,2026-08-11T19:00:00+05:30,2026-08-12,2026-08-12T10:00:00+05:30,900.00,,USR-055,,2026-08-11T19:00:00+05:30
PO-00141,SHOP-007,SUP-010,received,2026-08-12T19:00:00+05:30,2026-08-13,2026-08-13T10:00:00+05:30,1350.00,,USR-013,,2026-08-12T19:00:00+05:30
PO-00142,SHOP-011,SUP-001,received,2026-08-12T19:00:00+05:30,2026-08-14,2026-08-15T10:00:00+05:30,2850.00,,USR-021,,2026-08-12T19:00:00+05:30
PO-00143,SHOP-018,SUP-010,received,2026-08-12T19:00:00+05:30,2026-08-13,2026-08-13T10:00:00+05:30,900.00,,USR-035,,2026-08-12T19:00:00+05:30
PO-00144,SHOP-023,SUP-003,received,2026-08-12T19:00:00+05:30,2026-08-16,2026-08-16T10:00:00+05:30,2640.00,,USR-045,,2026-08-12T19:00:00+05:30
PO-00145,SHOP-033,SUP-010,received,2026-08-12T19:00:00+05:30,2026-08-13,2026-08-13T10:00:00+05:30,400.00,,USR-065,,2026-08-12T19:00:00+05:30
PO-00146,SHOP-037,SUP-006,received,2026-08-12T19:00:00+05:30,2026-08-15,2026-08-15T10:00:00+05:30,6400.00,,USR-073,,2026-08-12T19:00:00+05:30
PO-00147,SHOP-037,SUP-004,received,2026-08-12T19:00:00+05:30,2026-08-17,2026-08-17T10:00:00+05:30,1680.00,,USR-073,,2026-08-12T19:00:00+05:30
PO-00148,SHOP-044,SUP-010,received,2026-08-12T19:00:00+05:30,2026-08-13,2026-08-13T10:00:00+05:30,960.00,,USR-087,,2026-08-12T19:00:00+05:30
PO-00149,SHOP-001,SUP-001,received,2026-08-13T19:00:00+05:30,2026-08-15,2026-08-15T10:00:00+05:30,1650.00,,USR-001,,2026-08-13T19:00:00+05:30
PO-00150,SHOP-005,SUP-011,received,2026-08-13T19:00:00+05:30,2026-08-19,2026-08-19T10:00:00+05:30,7800.00,,USR-009,,2026-08-13T19:00:00+05:30
PO-00151,SHOP-017,SUP-003,received,2026-08-13T19:00:00+05:30,2026-08-17,2026-08-17T10:00:00+05:30,1056.00,,USR-033,,2026-08-13T19:00:00+05:30
PO-00152,SHOP-018,SUP-010,received,2026-08-13T19:00:00+05:30,2026-08-14,2026-08-15T10:00:00+05:30,1335.00,,USR-035,,2026-08-13T19:00:00+05:30
PO-00153,SHOP-026,SUP-001,received,2026-08-13T19:00:00+05:30,2026-08-15,2026-08-15T10:00:00+05:30,1650.00,,USR-051,,2026-08-13T19:00:00+05:30
PO-00154,SHOP-028,SUP-010,received,2026-08-13T19:00:00+05:30,2026-08-14,2026-08-14T10:00:00+05:30,360.00,,USR-055,,2026-08-13T19:00:00+05:30
PO-00155,SHOP-035,SUP-012,received,2026-08-13T19:00:00+05:30,2026-08-17,2026-08-17T10:00:00+05:30,1500.00,,USR-069,,2026-08-13T19:00:00+05:30
PO-00156,SHOP-043,SUP-001,received,2026-08-13T19:00:00+05:30,2026-08-15,2026-08-15T10:00:00+05:30,5700.00,,USR-085,,2026-08-13T19:00:00+05:30
PO-00157,SHOP-049,SUP-009,received,2026-08-13T19:00:00+05:30,2026-08-14,2026-08-14T10:00:00+05:30,900.00,,USR-097,,2026-08-13T19:00:00+05:30
PO-00158,SHOP-050,SUP-003,received,2026-08-13T19:00:00+05:30,2026-08-17,2026-08-17T10:00:00+05:30,2040.00,,USR-099,,2026-08-13T19:00:00+05:30
PO-00159,SHOP-050,SUP-001,received,2026-08-13T19:00:00+05:30,2026-08-15,2026-08-15T10:00:00+05:30,1730.00,,USR-099,,2026-08-13T19:00:00+05:30
PO-00160,SHOP-012,SUP-010,received,2026-08-14T19:00:00+05:30,2026-08-15,2026-08-15T10:00:00+05:30,1350.00,,USR-023,,2026-08-14T19:00:00+05:30
PO-00161,SHOP-020,SUP-001,received,2026-08-14T19:00:00+05:30,2026-08-16,2026-08-16T10:00:00+05:30,11500.00,,USR-039,,2026-08-14T19:00:00+05:30
PO-00162,SHOP-020,SUP-002,received,2026-08-14T19:00:00+05:30,2026-08-17,2026-08-20T10:00:00+05:30,1700.00,,USR-039,,2026-08-14T19:00:00+05:30
PO-00163,SHOP-032,SUP-001,received,2026-08-14T19:00:00+05:30,2026-08-16,2026-08-16T10:00:00+05:30,1650.00,,USR-063,,2026-08-14T19:00:00+05:30
PO-00164,SHOP-033,SUP-010,received,2026-08-14T19:00:00+05:30,2026-08-15,2026-08-15T10:00:00+05:30,900.00,,USR-065,,2026-08-14T19:00:00+05:30
PO-00165,SHOP-038,SUP-010,received,2026-08-14T19:00:00+05:30,2026-08-15,2026-08-15T10:00:00+05:30,1100.00,,USR-075,,2026-08-14T19:00:00+05:30
PO-00166,SHOP-039,SUP-001,received,2026-08-14T19:00:00+05:30,2026-08-16,2026-08-16T10:00:00+05:30,1650.00,,USR-077,,2026-08-14T19:00:00+05:30
PO-00167,SHOP-045,SUP-002,received,2026-08-14T19:00:00+05:30,2026-08-17,2026-08-18T10:00:00+05:30,1700.00,,USR-089,,2026-08-14T19:00:00+05:30
PO-00168,SHOP-045,SUP-003,received,2026-08-14T19:00:00+05:30,2026-08-18,2026-08-18T10:00:00+05:30,1800.00,,USR-089,,2026-08-14T19:00:00+05:30
PO-00169,SHOP-004,SUP-010,received,2026-08-15T19:00:00+05:30,2026-08-16,2026-08-16T10:00:00+05:30,800.00,,USR-007,,2026-08-15T19:00:00+05:30
PO-00170,SHOP-011,SUP-001,received,2026-08-15T19:00:00+05:30,2026-08-17,2026-08-17T10:00:00+05:30,11500.00,,USR-021,,2026-08-15T19:00:00+05:30
PO-00171,SHOP-026,SUP-002,received,2026-08-15T19:00:00+05:30,2026-08-18,2026-08-18T10:00:00+05:30,1700.00,,USR-051,,2026-08-15T19:00:00+05:30
PO-00172,SHOP-038,SUP-010,received,2026-08-15T19:00:00+05:30,2026-08-16,2026-08-16T10:00:00+05:30,900.00,,USR-075,,2026-08-15T19:00:00+05:30
PO-00173,SHOP-003,SUP-007,received,2026-08-16T19:00:00+05:30,2026-08-21,2026-08-21T10:00:00+05:30,1500.00,,USR-005,,2026-08-16T19:00:00+05:30
PO-00174,SHOP-014,SUP-004,received,2026-08-16T19:00:00+05:30,2026-08-21,2026-08-24T10:00:00+05:30,1800.00,,USR-027,,2026-08-16T19:00:00+05:30
PO-00175,SHOP-035,SUP-012,partially_received,2026-08-16T19:00:00+05:30,2026-08-20,2026-08-20T10:00:00+05:30,2100.00,,USR-069,,2026-08-16T19:00:00+05:30
PO-00176,SHOP-050,SUP-002,received,2026-08-16T19:00:00+05:30,2026-08-19,2026-08-19T10:00:00+05:30,3360.00,,USR-099,,2026-08-16T19:00:00+05:30
PO-00177,SHOP-006,SUP-001,received,2026-08-17T19:00:00+05:30,2026-08-19,2026-08-19T10:00:00+05:30,1600.00,,USR-011,,2026-08-17T19:00:00+05:30
PO-00178,SHOP-007,SUP-009,received,2026-08-17T19:00:00+05:30,2026-08-18,2026-08-18T10:00:00+05:30,900.00,,USR-013,,2026-08-17T19:00:00+05:30
PO-00179,SHOP-008,SUP-005,received,2026-08-17T19:00:00+05:30,2026-08-21,2026-08-21T10:00:00+05:30,1350.00,,USR-015,,2026-08-17T19:00:00+05:30
PO-00180,SHOP-008,SUP-004,received,2026-08-17T19:00:00+05:30,2026-08-22,2026-08-22T10:00:00+05:30,10800.00,,USR-015,,2026-08-17T19:00:00+05:30
PO-00181,SHOP-011,SUP-001,received,2026-08-17T19:00:00+05:30,2026-08-19,2026-08-19T10:00:00+05:30,1650.00,,USR-021,,2026-08-17T19:00:00+05:30
PO-00182,SHOP-013,SUP-002,received,2026-08-17T19:00:00+05:30,2026-08-20,2026-08-20T10:00:00+05:30,3360.00,,USR-025,,2026-08-17T19:00:00+05:30
PO-00183,SHOP-020,SUP-001,received,2026-08-17T19:00:00+05:30,2026-08-19,2026-08-19T10:00:00+05:30,5700.00,,USR-039,,2026-08-17T19:00:00+05:30
PO-00184,SHOP-033,SUP-010,received,2026-08-17T19:00:00+05:30,2026-08-18,2026-08-18T10:00:00+05:30,625.00,,USR-065,,2026-08-17T19:00:00+05:30
PO-00185,SHOP-036,SUP-001,received,2026-08-17T19:00:00+05:30,2026-08-19,2026-08-19T10:00:00+05:30,11500.00,,USR-071,,2026-08-17T19:00:00+05:30
PO-00186,SHOP-037,SUP-004,received,2026-08-17T19:00:00+05:30,2026-08-22,2026-08-22T10:00:00+05:30,1100.00,,USR-073,,2026-08-17T19:00:00+05:30
PO-00187,SHOP-039,SUP-001,received,2026-08-17T19:00:00+05:30,2026-08-19,2026-08-19T10:00:00+05:30,5700.00,,USR-077,,2026-08-17T19:00:00+05:30
PO-00188,SHOP-040,SUP-007,received,2026-08-17T19:00:00+05:30,2026-08-22,2026-08-22T10:00:00+05:30,1900.00,,USR-079,,2026-08-17T19:00:00+05:30
PO-00189,SHOP-045,SUP-003,received,2026-08-17T19:00:00+05:30,2026-08-21,2026-08-22T10:00:00+05:30,2640.00,,USR-089,,2026-08-17T19:00:00+05:30
PO-00190,SHOP-014,SUP-004,received,2026-08-18T19:00:00+05:30,2026-08-23,2026-08-23T10:00:00+05:30,2520.00,,USR-027,,2026-08-18T19:00:00+05:30
PO-00191,SHOP-017,SUP-003,received,2026-08-18T19:00:00+05:30,2026-08-22,2026-08-22T10:00:00+05:30,2640.00,,USR-033,,2026-08-18T19:00:00+05:30
PO-00192,SHOP-017,SUP-001,received,2026-08-18T19:00:00+05:30,2026-08-20,2026-08-23T10:00:00+05:30,600.00,,USR-033,,2026-08-18T19:00:00+05:30
PO-00193,SHOP-018,SUP-009,received,2026-08-18T19:00:00+05:30,2026-08-19,2026-08-19T10:00:00+05:30,1040.00,,USR-035,,2026-08-18T19:00:00+05:30
PO-00194,SHOP-018,SUP-010,received,2026-08-18T19:00:00+05:30,2026-08-19,2026-08-19T10:00:00+05:30,625.00,,USR-035,,2026-08-18T19:00:00+05:30
PO-00195,SHOP-033,SUP-010,received,2026-08-18T19:00:00+05:30,2026-08-19,2026-08-19T10:00:00+05:30,900.00,,USR-065,,2026-08-18T19:00:00+05:30
PO-00196,SHOP-035,SUP-012,received,2026-08-18T19:00:00+05:30,2026-08-22,2026-08-22T10:00:00+05:30,6500.00,,USR-069,,2026-08-18T19:00:00+05:30
PO-00197,SHOP-050,SUP-001,received,2026-08-18T19:00:00+05:30,2026-08-20,2026-08-20T10:00:00+05:30,560.00,,USR-099,,2026-08-18T19:00:00+05:30
PO-00198,SHOP-011,SUP-002,received,2026-08-19T19:00:00+05:30,2026-08-22,2026-08-22T10:00:00+05:30,3900.00,,USR-021,,2026-08-19T19:00:00+05:30
PO-00199,SHOP-019,SUP-004,received,2026-08-19T19:00:00+05:30,2026-08-24,2026-08-24T10:00:00+05:30,10800.00,,USR-037,,2026-08-19T19:00:00+05:30
PO-00200,SHOP-033,SUP-009,received,2026-08-19T19:00:00+05:30,2026-08-20,2026-08-20T10:00:00+05:30,1440.00,,USR-065,,2026-08-19T19:00:00+05:30
PO-00201,SHOP-035,SUP-011,received,2026-08-19T19:00:00+05:30,2026-08-25,2026-08-25T10:00:00+05:30,7800.00,,USR-069,,2026-08-19T19:00:00+05:30
PO-00202,SHOP-049,SUP-009,received,2026-08-19T19:00:00+05:30,2026-08-20,2026-08-20T10:00:00+05:30,480.00,,USR-097,,2026-08-19T19:00:00+05:30
PO-00203,SHOP-007,SUP-009,received,2026-08-20T19:00:00+05:30,2026-08-21,2026-08-21T10:00:00+05:30,3480.00,,USR-013,,2026-08-20T19:00:00+05:30
PO-00204,SHOP-011,SUP-002,received,2026-08-20T19:00:00+05:30,2026-08-23,2026-08-23T10:00:00+05:30,700.00,,USR-021,,2026-08-20T19:00:00+05:30
PO-00205,SHOP-012,SUP-010,received,2026-08-20T19:00:00+05:30,2026-08-21,2026-08-21T10:00:00+05:30,1100.00,,USR-023,,2026-08-20T19:00:00+05:30
PO-00206,SHOP-020,SUP-001,received,2026-08-20T19:00:00+05:30,2026-08-22,2026-08-22T10:00:00+05:30,1650.00,,USR-039,,2026-08-20T19:00:00+05:30
PO-00207,SHOP-028,SUP-009,received,2026-08-20T19:00:00+05:30,2026-08-21,2026-08-21T10:00:00+05:30,2500.00,,USR-055,,2026-08-20T19:00:00+05:30
PO-00208,SHOP-032,SUP-002,received,2026-08-20T19:00:00+05:30,2026-08-23,2026-08-23T10:00:00+05:30,3360.00,,USR-063,,2026-08-20T19:00:00+05:30
PO-00209,SHOP-035,SUP-011,received,2026-08-20T19:00:00+05:30,2026-08-26,2026-08-26T10:00:00+05:30,4400.00,,USR-069,,2026-08-20T19:00:00+05:30
PO-00210,SHOP-039,SUP-003,received,2026-08-20T19:00:00+05:30,2026-08-24,2026-08-24T10:00:00+05:30,2640.00,,USR-077,,2026-08-20T19:00:00+05:30
PO-00211,SHOP-001,SUP-002,received,2026-08-21T19:00:00+05:30,2026-08-24,2026-08-24T10:00:00+05:30,2300.00,,USR-001,,2026-08-21T19:00:00+05:30
PO-00212,SHOP-001,SUP-003,received,2026-08-21T19:00:00+05:30,2026-08-25,2026-08-25T10:00:00+05:30,1400.00,,USR-001,,2026-08-21T19:00:00+05:30
PO-00213,SHOP-008,SUP-004,received,2026-08-21T19:00:00+05:30,2026-08-26,2026-08-26T10:00:00+05:30,2520.00,,USR-015,,2026-08-21T19:00:00+05:30
PO-00214,SHOP-017,SUP-002,received,2026-08-21T19:00:00+05:30,2026-08-24,2026-08-24T10:00:00+05:30,3900.00,,USR-033,,2026-08-21T19:00:00+05:30
PO-00215,SHOP-036,SUP-001,received,2026-08-21T19:00:00+05:30,2026-08-23,2026-08-23T10:00:00+05:30,5700.00,,USR-071,,2026-08-21T19:00:00+05:30
PO-00216,SHOP-049,SUP-010,received,2026-08-21T19:00:00+05:30,2026-08-22,2026-08-22T10:00:00+05:30,720.00,,USR-097,,2026-08-21T19:00:00+05:30
PO-00217,SHOP-050,SUP-002,received,2026-08-21T19:00:00+05:30,2026-08-24,2026-08-24T10:00:00+05:30,500.00,,USR-099,,2026-08-21T19:00:00+05:30
PO-00218,SHOP-001,SUP-001,received,2026-08-22T19:00:00+05:30,2026-08-24,2026-08-24T10:00:00+05:30,11500.00,,USR-001,,2026-08-22T19:00:00+05:30
PO-00219,SHOP-002,SUP-004,received,2026-08-22T19:00:00+05:30,2026-08-27,2026-08-27T10:00:00+05:30,2040.00,,USR-003,,2026-08-22T19:00:00+05:30
PO-00220,SHOP-002,SUP-006,received,2026-08-22T19:00:00+05:30,2026-08-25,2026-08-25T10:00:00+05:30,3300.00,,USR-003,,2026-08-22T19:00:00+05:30
PO-00221,SHOP-005,SUP-011,received,2026-08-22T19:00:00+05:30,2026-08-28,2026-08-28T10:00:00+05:30,4400.00,,USR-009,,2026-08-22T19:00:00+05:30
PO-00222,SHOP-017,SUP-003,received,2026-08-22T19:00:00+05:30,2026-08-26,2026-08-26T10:00:00+05:30,1400.00,,USR-033,,2026-08-22T19:00:00+05:30
PO-00223,SHOP-019,SUP-004,received,2026-08-22T19:00:00+05:30,2026-08-27,2026-08-27T10:00:00+05:30,2125.00,,USR-037,,2026-08-22T19:00:00+05:30
PO-00224,SHOP-019,SUP-006,received,2026-08-22T19:00:00+05:30,2026-08-25,2026-08-25T10:00:00+05:30,3300.00,,USR-037,,2026-08-22T19:00:00+05:30
PO-00225,SHOP-026,SUP-002,received,2026-08-22T19:00:00+05:30,2026-08-25,2026-08-25T10:00:00+05:30,3300.00,,USR-051,,2026-08-22T19:00:00+05:30
PO-00226,SHOP-031,SUP-006,received,2026-08-22T19:00:00+05:30,2026-08-25,2026-08-25T10:00:00+05:30,3300.00,,USR-061,,2026-08-22T19:00:00+05:30
PO-00227,SHOP-033,SUP-009,received,2026-08-22T19:00:00+05:30,2026-08-23,2026-08-23T10:00:00+05:30,480.00,,USR-065,,2026-08-22T19:00:00+05:30
PO-00228,SHOP-039,SUP-001,received,2026-08-22T19:00:00+05:30,2026-08-24,2026-08-24T10:00:00+05:30,1600.00,,USR-077,,2026-08-22T19:00:00+05:30
PO-00229,SHOP-025,SUP-004,received,2026-08-23T19:00:00+05:30,2026-08-28,2026-08-28T10:00:00+05:30,1680.00,,USR-049,,2026-08-23T19:00:00+05:30
PO-00230,SHOP-026,SUP-003,received,2026-08-23T19:00:00+05:30,2026-08-27,2026-08-27T10:00:00+05:30,720.00,,USR-051,,2026-08-23T19:00:00+05:30
PO-00231,SHOP-029,SUP-011,received,2026-08-23T19:00:00+05:30,2026-08-29,2026-08-29T10:00:00+05:30,7800.00,,USR-057,,2026-08-23T19:00:00+05:30
PO-00232,SHOP-042,SUP-005,received,2026-08-23T19:00:00+05:30,2026-08-27,2026-08-27T10:00:00+05:30,7800.00,,USR-083,,2026-08-23T19:00:00+05:30
PO-00233,SHOP-048,SUP-004,received,2026-08-23T19:00:00+05:30,2026-08-28,2026-08-28T10:00:00+05:30,1800.00,,USR-095,,2026-08-23T19:00:00+05:30
PO-00234,SHOP-011,SUP-002,received,2026-08-24T19:00:00+05:30,2026-08-27,2026-08-29T10:00:00+05:30,600.00,,USR-021,,2026-08-24T19:00:00+05:30
PO-00235,SHOP-024,SUP-010,received,2026-08-24T19:00:00+05:30,2026-08-25,2026-08-25T10:00:00+05:30,720.00,,USR-047,,2026-08-24T19:00:00+05:30
PO-00236,SHOP-026,SUP-003,received,2026-08-24T19:00:00+05:30,2026-08-28,2026-08-28T10:00:00+05:30,2640.00,,USR-051,,2026-08-24T19:00:00+05:30
PO-00237,SHOP-032,SUP-002,received,2026-08-24T19:00:00+05:30,2026-08-27,2026-08-27T10:00:00+05:30,3900.00,,USR-063,,2026-08-24T19:00:00+05:30
PO-00238,SHOP-033,SUP-010,received,2026-08-24T19:00:00+05:30,2026-08-25,2026-08-25T10:00:00+05:30,960.00,,USR-065,,2026-08-24T19:00:00+05:30
PO-00239,SHOP-038,SUP-009,received,2026-08-24T19:00:00+05:30,2026-08-25,2026-08-25T10:00:00+05:30,3480.00,,USR-075,,2026-08-24T19:00:00+05:30
PO-00240,SHOP-044,SUP-010,received,2026-08-24T19:00:00+05:30,2026-08-25,2026-08-27T10:00:00+05:30,625.00,,USR-087,,2026-08-24T19:00:00+05:30
PO-00241,SHOP-045,SUP-003,received,2026-08-24T19:00:00+05:30,2026-08-28,2026-08-28T10:00:00+05:30,2100.00,,USR-089,,2026-08-24T19:00:00+05:30
PO-00242,SHOP-049,SUP-010,received,2026-08-24T19:00:00+05:30,2026-08-25,2026-08-25T10:00:00+05:30,900.00,,USR-097,,2026-08-24T19:00:00+05:30
PO-00243,SHOP-004,SUP-009,received,2026-08-25T19:00:00+05:30,2026-08-26,2026-08-26T10:00:00+05:30,500.00,,USR-007,,2026-08-25T19:00:00+05:30
PO-00244,SHOP-006,SUP-001,received,2026-08-25T19:00:00+05:30,2026-08-27,2026-08-27T10:00:00+05:30,540.00,,USR-011,,2026-08-25T19:00:00+05:30
PO-00245,SHOP-014,SUP-005,received,2026-08-25T19:00:00+05:30,2026-08-29,2026-08-29T10:00:00+05:30,4800.00,,USR-027,,2026-08-25T19:00:00+05:30
PO-00246,SHOP-016,SUP-012,received,2026-08-25T19:00:00+05:30,2026-08-29,2026-08-29T10:00:00+05:30,5600.00,,USR-031,,2026-08-25T19:00:00+05:30
PO-00247,SHOP-018,SUP-009,partially_received,2026-08-25T19:00:00+05:30,2026-08-26,2026-08-26T10:00:00+05:30,900.00,,USR-035,,2026-08-25T19:00:00+05:30
PO-00248,SHOP-029,SUP-012,received,2026-08-25T19:00:00+05:30,2026-08-29,2026-08-29T10:00:00+05:30,4560.00,,USR-057,,2026-08-25T19:00:00+05:30
PO-00249,SHOP-032,SUP-001,received,2026-08-25T19:00:00+05:30,2026-08-27,2026-08-27T10:00:00+05:30,5700.00,,USR-063,,2026-08-25T19:00:00+05:30
PO-00250,SHOP-036,SUP-001,received,2026-08-25T19:00:00+05:30,2026-08-27,2026-08-28T10:00:00+05:30,1600.00,,USR-071,,2026-08-25T19:00:00+05:30
PO-00251,SHOP-037,SUP-004,received,2026-08-25T19:00:00+05:30,2026-08-30,2026-08-30T10:00:00+05:30,1350.00,,USR-073,,2026-08-25T19:00:00+05:30
PO-00252,SHOP-001,SUP-002,received,2026-08-26T19:00:00+05:30,2026-08-29,2026-08-29T10:00:00+05:30,3360.00,,USR-001,,2026-08-26T19:00:00+05:30
PO-00253,SHOP-011,SUP-003,received,2026-08-26T19:00:00+05:30,2026-08-30,2026-08-30T10:00:00+05:30,720.00,,USR-021,,2026-08-26T19:00:00+05:30
PO-00254,SHOP-017,SUP-001,received,2026-08-26T19:00:00+05:30,2026-08-28,2026-08-28T10:00:00+05:30,6045.00,,USR-033,,2026-08-26T19:00:00+05:30
PO-00255,SHOP-023,SUP-003,received,2026-08-26T19:00:00+05:30,2026-08-30,2026-08-30T10:00:00+05:30,2040.00,,USR-045,,2026-08-26T19:00:00+05:30
PO-00256,SHOP-031,SUP-004,received,2026-08-26T19:00:00+05:30,2026-08-31,2026-08-31T10:00:00+05:30,1880.00,,USR-061,,2026-08-26T19:00:00+05:30
PO-00257,SHOP-035,SUP-011,received,2026-08-26T19:00:00+05:30,2026-09-01,2026-09-01T10:00:00+05:30,1300.00,,USR-069,,2026-08-26T19:00:00+05:30
PO-00258,SHOP-036,SUP-002,received,2026-08-26T19:00:00+05:30,2026-08-29,2026-08-31T10:00:00+05:30,600.00,,USR-071,,2026-08-26T19:00:00+05:30
PO-00259,SHOP-037,SUP-004,received,2026-08-26T19:00:00+05:30,2026-08-31,2026-08-31T10:00:00+05:30,1875.00,,USR-073,,2026-08-26T19:00:00+05:30
PO-00260,SHOP-038,SUP-010,received,2026-08-26T19:00:00+05:30,2026-08-27,2026-08-27T10:00:00+05:30,625.00,,USR-075,,2026-08-26T19:00:00+05:30
PO-00261,SHOP-049,SUP-010,partially_received,2026-08-26T19:00:00+05:30,2026-08-27,2026-08-27T10:00:00+05:30,800.00,,USR-097,,2026-08-26T19:00:00+05:30
PO-00262,SHOP-004,SUP-009,received,2026-08-27T19:00:00+05:30,2026-08-28,2026-08-28T10:00:00+05:30,3480.00,,USR-007,,2026-08-27T19:00:00+05:30
PO-00263,SHOP-005,SUP-011,received,2026-08-27T19:00:00+05:30,2026-09-02,2026-09-02T10:00:00+05:30,2400.00,,USR-009,,2026-08-27T19:00:00+05:30
PO-00264,SHOP-016,SUP-011,received,2026-08-27T19:00:00+05:30,2026-09-02,2026-09-02T10:00:00+05:30,2640.00,,USR-031,,2026-08-27T19:00:00+05:30
PO-00265,SHOP-021,SUP-007,received,2026-08-27T19:00:00+05:30,2026-09-01,2026-09-01T10:00:00+05:30,1050.00,,USR-041,,2026-08-27T19:00:00+05:30
PO-00266,SHOP-022,SUP-011,received,2026-08-27T19:00:00+05:30,2026-09-02,2026-09-02T10:00:00+05:30,7800.00,,USR-043,,2026-08-27T19:00:00+05:30
PO-00267,SHOP-029,SUP-011,received,2026-08-27T19:00:00+05:30,2026-09-02,2026-09-02T10:00:00+05:30,4500.00,,USR-057,,2026-08-27T19:00:00+05:30
PO-00268,SHOP-030,SUP-002,received,2026-08-27T19:00:00+05:30,2026-08-30,2026-08-30T10:00:00+05:30,3300.00,,USR-059,,2026-08-27T19:00:00+05:30
PO-00269,SHOP-040,SUP-008,received,2026-08-27T19:00:00+05:30,2026-08-29,2026-08-29T10:00:00+05:30,750.00,,USR-079,,2026-08-27T19:00:00+05:30
PO-00270,SHOP-042,SUP-005,received,2026-08-27T19:00:00+05:30,2026-08-31,2026-08-31T10:00:00+05:30,4800.00,,USR-083,,2026-08-27T19:00:00+05:30
PO-00271,SHOP-044,SUP-010,received,2026-08-27T19:00:00+05:30,2026-08-28,2026-08-29T10:00:00+05:30,1100.00,,USR-087,,2026-08-27T19:00:00+05:30
PO-00272,SHOP-045,SUP-003,received,2026-08-27T19:00:00+05:30,2026-08-31,2026-08-31T10:00:00+05:30,2040.00,,USR-089,,2026-08-27T19:00:00+05:30
PO-00273,SHOP-045,SUP-001,received,2026-08-27T19:00:00+05:30,2026-08-29,2026-08-29T10:00:00+05:30,1750.00,,USR-089,,2026-08-27T19:00:00+05:30
PO-00274,SHOP-050,SUP-001,received,2026-08-27T19:00:00+05:30,2026-08-29,2026-08-29T10:00:00+05:30,1600.00,,USR-099,,2026-08-27T19:00:00+05:30
PO-00275,SHOP-004,SUP-009,received,2026-08-28T19:00:00+05:30,2026-08-29,2026-08-29T10:00:00+05:30,1440.00,,USR-007,,2026-08-28T19:00:00+05:30
PO-00276,SHOP-014,SUP-005,received,2026-08-28T19:00:00+05:30,2026-09-01,2026-09-01T10:00:00+05:30,9800.00,,USR-027,,2026-08-28T19:00:00+05:30
PO-00277,SHOP-017,SUP-002,received,2026-08-28T19:00:00+05:30,2026-08-31,2026-08-31T10:00:00+05:30,3360.00,,USR-033,,2026-08-28T19:00:00+05:30
PO-00278,SHOP-024,SUP-009,received,2026-08-28T19:00:00+05:30,2026-08-29,2026-08-29T10:00:00+05:30,3480.00,,USR-047,,2026-08-28T19:00:00+05:30
PO-00279,SHOP-032,SUP-001,received,2026-08-28T19:00:00+05:30,2026-08-30,2026-08-30T10:00:00+05:30,11500.00,,USR-063,,2026-08-28T19:00:00+05:30
PO-00280,SHOP-032,SUP-002,received,2026-08-28T19:00:00+05:30,2026-08-31,2026-08-31T10:00:00+05:30,2300.00,,USR-063,,2026-08-28T19:00:00+05:30
PO-00281,SHOP-035,SUP-011,received,2026-08-28T19:00:00+05:30,2026-09-03,2026-09-03T10:00:00+05:30,2400.00,,USR-069,,2026-08-28T19:00:00+05:30
PO-00282,SHOP-037,SUP-004,received,2026-08-28T19:00:00+05:30,2026-09-02,2026-09-02T10:00:00+05:30,28800.00,,USR-073,,2026-08-28T19:00:00+05:30
PO-00283,SHOP-037,SUP-006,received,2026-08-28T19:00:00+05:30,2026-08-31,2026-08-31T10:00:00+05:30,600.00,,USR-073,,2026-08-28T19:00:00+05:30
PO-00284,SHOP-004,SUP-010,received,2026-08-29T19:00:00+05:30,2026-08-30,2026-08-30T10:00:00+05:30,900.00,,USR-007,,2026-08-29T19:00:00+05:30
PO-00285,SHOP-005,SUP-012,received,2026-08-29T19:00:00+05:30,2026-09-02,2026-09-02T10:00:00+05:30,6500.00,,USR-009,,2026-08-29T19:00:00+05:30
PO-00286,SHOP-006,SUP-003,received,2026-08-29T19:00:00+05:30,2026-09-02,2026-09-02T10:00:00+05:30,648.00,,USR-011,,2026-08-29T19:00:00+05:30
PO-00287,SHOP-011,SUP-003,received,2026-08-29T19:00:00+05:30,2026-09-02,2026-09-02T10:00:00+05:30,2640.00,,USR-021,,2026-08-29T19:00:00+05:30
PO-00288,SHOP-017,SUP-001,received,2026-08-29T19:00:00+05:30,2026-08-31,2026-08-31T10:00:00+05:30,2850.00,,USR-033,,2026-08-29T19:00:00+05:30
PO-00289,SHOP-027,SUP-008,received,2026-08-29T19:00:00+05:30,2026-08-31,2026-08-31T10:00:00+05:30,1800.00,,USR-053,,2026-08-29T19:00:00+05:30
PO-00290,SHOP-029,SUP-012,received,2026-08-29T19:00:00+05:30,2026-09-02,2026-09-02T10:00:00+05:30,4500.00,,USR-057,,2026-08-29T19:00:00+05:30
PO-00291,SHOP-032,SUP-003,received,2026-08-29T19:00:00+05:30,2026-09-02,2026-09-02T10:00:00+05:30,2136.00,,USR-063,,2026-08-29T19:00:00+05:30
PO-00292,SHOP-033,SUP-009,received,2026-08-29T19:00:00+05:30,2026-08-30,2026-08-30T10:00:00+05:30,1040.00,,USR-065,,2026-08-29T19:00:00+05:30
PO-00293,SHOP-050,SUP-003,received,2026-08-29T19:00:00+05:30,2026-09-02,2026-09-02T10:00:00+05:30,2640.00,,USR-099,,2026-08-29T19:00:00+05:30
PO-00294,SHOP-006,SUP-002,received,2026-08-30T19:00:00+05:30,2026-09-02,2026-09-02T10:00:00+05:30,240.00,,USR-011,,2026-08-30T19:00:00+05:30
PO-00295,SHOP-006,SUP-003,received,2026-08-30T19:00:00+05:30,2026-09-03,2026-09-03T10:00:00+05:30,600.00,,USR-011,,2026-08-30T19:00:00+05:30
PO-00296,SHOP-007,SUP-009,received,2026-08-30T19:00:00+05:30,2026-08-31,2026-08-31T10:00:00+05:30,900.00,,USR-013,,2026-08-30T19:00:00+05:30
PO-00297,SHOP-017,SUP-003,received,2026-08-30T19:00:00+05:30,2026-09-03,2026-09-04T10:00:00+05:30,1896.00,,USR-033,,2026-08-30T19:00:00+05:30
PO-00298,SHOP-020,SUP-003,partially_received,2026-08-30T19:00:00+05:30,2026-09-03,2026-09-03T10:00:00+05:30,2040.00,,USR-039,,2026-08-30T19:00:00+05:30
PO-00299,SHOP-023,SUP-003,received,2026-08-30T19:00:00+05:30,2026-09-03,2026-09-03T10:00:00+05:30,2100.00,,USR-045,,2026-08-30T19:00:00+05:30
PO-00300,SHOP-028,SUP-010,received,2026-08-30T19:00:00+05:30,2026-08-31,2026-08-31T10:00:00+05:30,375.00,,USR-055,,2026-08-30T19:00:00+05:30
PO-00301,SHOP-032,SUP-003,received,2026-08-30T19:00:00+05:30,2026-09-03,2026-09-03T10:00:00+05:30,2100.00,,USR-063,,2026-08-30T19:00:00+05:30
PO-00302,SHOP-047,SUP-011,received,2026-08-30T19:00:00+05:30,2026-09-05,2026-09-05T10:00:00+05:30,2400.00,,USR-093,,2026-08-30T19:00:00+05:30
PO-00303,SHOP-050,SUP-001,received,2026-08-30T19:00:00+05:30,2026-09-01,2026-09-01T10:00:00+05:30,11500.00,,USR-099,,2026-08-30T19:00:00+05:30
PO-00304,SHOP-004,SUP-009,received,2026-08-31T19:00:00+05:30,2026-09-01,2026-09-01T10:00:00+05:30,1920.00,,USR-007,,2026-08-31T19:00:00+05:30
PO-00305,SHOP-006,SUP-002,received,2026-08-31T19:00:00+05:30,2026-09-03,2026-09-03T10:00:00+05:30,1700.00,,USR-011,,2026-08-31T19:00:00+05:30
PO-00306,SHOP-012,SUP-009,received,2026-08-31T19:00:00+05:30,2026-09-01,2026-09-01T10:00:00+05:30,1440.00,,USR-023,,2026-08-31T19:00:00+05:30
PO-00307,SHOP-013,SUP-001,received,2026-08-31T19:00:00+05:30,2026-09-02,2026-09-02T10:00:00+05:30,11500.00,,USR-025,,2026-08-31T19:00:00+05:30
PO-00308,SHOP-019,SUP-004,received,2026-08-31T19:00:00+05:30,2026-09-05,2026-09-05T10:00:00+05:30,1940.00,,USR-037,,2026-08-31T19:00:00+05:30
PO-00309,SHOP-020,SUP-002,received,2026-08-31T19:00:00+05:30,2026-09-03,2026-09-03T10:00:00+05:30,5660.00,,USR-039,,2026-08-31T19:00:00+05:30
PO-00310,SHOP-024,SUP-010,received,2026-08-31T19:00:00+05:30,2026-09-01,2026-09-03T10:00:00+05:30,1350.00,,USR-047,,2026-08-31T19:00:00+05:30
PO-00311,SHOP-026,SUP-002,received,2026-08-31T19:00:00+05:30,2026-09-03,2026-09-03T10:00:00+05:30,600.00,,USR-051,,2026-08-31T19:00:00+05:30
PO-00312,SHOP-030,SUP-003,partially_received,2026-08-31T19:00:00+05:30,2026-09-04,2026-09-04T10:00:00+05:30,2220.00,,USR-059,,2026-08-31T19:00:00+05:30
PO-00313,SHOP-039,SUP-002,received,2026-08-31T19:00:00+05:30,2026-09-03,2026-09-03T10:00:00+05:30,2300.00,,USR-077,,2026-08-31T19:00:00+05:30
PO-00314,SHOP-049,SUP-009,received,2026-08-31T19:00:00+05:30,2026-09-01,2026-09-01T10:00:00+05:30,1500.00,,USR-097,,2026-08-31T19:00:00+05:30
PO-00315,SHOP-050,SUP-001,received,2026-08-31T19:00:00+05:30,2026-09-02,2026-09-02T10:00:00+05:30,5700.00,,USR-099,,2026-08-31T19:00:00+05:30
PO-00316,SHOP-016,SUP-011,received,2026-09-01T19:00:00+05:30,2026-09-07,2026-09-07T10:00:00+05:30,7800.00,,USR-031,,2026-09-01T19:00:00+05:30
PO-00317,SHOP-018,SUP-010,received,2026-09-01T19:00:00+05:30,2026-09-02,2026-09-02T10:00:00+05:30,1100.00,,USR-035,,2026-09-01T19:00:00+05:30
PO-00318,SHOP-020,SUP-003,partially_received,2026-09-01T19:00:00+05:30,2026-09-05,2026-09-05T10:00:00+05:30,2640.00,,USR-039,,2026-09-01T19:00:00+05:30
PO-00319,SHOP-033,SUP-009,received,2026-09-01T19:00:00+05:30,2026-09-02,2026-09-02T10:00:00+05:30,4140.00,,USR-065,,2026-09-01T19:00:00+05:30
PO-00320,SHOP-036,SUP-003,received,2026-09-01T19:00:00+05:30,2026-09-05,2026-09-05T10:00:00+05:30,2100.00,,USR-071,,2026-09-01T19:00:00+05:30
PO-00321,SHOP-038,SUP-009,received,2026-09-01T19:00:00+05:30,2026-09-02,2026-09-02T10:00:00+05:30,900.00,,USR-075,,2026-09-01T19:00:00+05:30
PO-00322,SHOP-013,SUP-003,received,2026-09-02T19:00:00+05:30,2026-09-06,2026-09-06T10:00:00+05:30,2640.00,,USR-025,,2026-09-02T19:00:00+05:30
PO-00323,SHOP-019,SUP-004,received,2026-09-02T19:00:00+05:30,2026-09-07,2026-09-07T10:00:00+05:30,1680.00,,USR-037,,2026-09-02T19:00:00+05:30
PO-00324,SHOP-020,SUP-001,received,2026-09-02T19:00:00+05:30,2026-09-04,2026-09-04T10:00:00+05:30,2850.00,,USR-039,,2026-09-02T19:00:00+05:30
PO-00325,SHOP-023,SUP-002,received,2026-09-02T19:00:00+05:30,2026-09-05,2026-09-07T10:00:00+05:30,4020.00,,USR-045,,2026-09-02T19:00:00+05:30
PO-00326,SHOP-025,SUP-006,received,2026-09-02T19:00:00+05:30,2026-09-05,2026-09-05T10:00:00+05:30,2700.00,,USR-049,,2026-09-02T19:00:00+05:30
PO-00327,SHOP-049,SUP-009,received,2026-09-02T19:00:00+05:30,2026-09-03,2026-09-03T10:00:00+05:30,900.00,,USR-097,,2026-09-02T19:00:00+05:30
PO-00328,SHOP-004,SUP-010,received,2026-09-03T19:00:00+05:30,2026-09-04,2026-09-04T10:00:00+05:30,960.00,,USR-007,,2026-09-03T19:00:00+05:30
PO-00329,SHOP-019,SUP-004,received,2026-09-03T19:00:00+05:30,2026-09-08,2026-09-08T10:00:00+05:30,28800.00,,USR-037,,2026-09-03T19:00:00+05:30
PO-00330,SHOP-020,SUP-003,received,2026-09-03T19:00:00+05:30,2026-09-07,2026-09-07T10:00:00+05:30,864.00,,USR-039,,2026-09-03T19:00:00+05:30
PO-00331,SHOP-023,SUP-001,partially_received,2026-09-03T19:00:00+05:30,2026-09-05,2026-09-05T10:00:00+05:30,1650.00,,USR-045,,2026-09-03T19:00:00+05:30
PO-00332,SHOP-024,SUP-009,received,2026-09-03T19:00:00+05:30,2026-09-04,2026-09-07T10:00:00+05:30,900.00,,USR-047,,2026-09-03T19:00:00+05:30
PO-00333,SHOP-028,SUP-009,received,2026-09-03T19:00:00+05:30,2026-09-04,2026-09-04T10:00:00+05:30,1590.00,,USR-055,,2026-09-03T19:00:00+05:30
PO-00334,SHOP-038,SUP-010,received,2026-09-03T19:00:00+05:30,2026-09-04,2026-09-04T10:00:00+05:30,360.00,,USR-075,,2026-09-03T19:00:00+05:30
PO-00335,SHOP-040,SUP-008,received,2026-09-03T19:00:00+05:30,2026-09-05,2026-09-05T10:00:00+05:30,6900.00,,USR-079,,2026-09-03T19:00:00+05:30
PO-00336,SHOP-045,SUP-001,received,2026-09-03T19:00:00+05:30,2026-09-05,2026-09-05T10:00:00+05:30,5700.00,,USR-089,,2026-09-03T19:00:00+05:30
PO-00337,SHOP-050,SUP-001,received,2026-09-03T19:00:00+05:30,2026-09-05,2026-09-06T10:00:00+05:30,600.00,,USR-099,,2026-09-03T19:00:00+05:30
PO-00338,SHOP-014,SUP-006,received,2026-09-04T19:00:00+05:30,2026-09-07,2026-09-07T10:00:00+05:30,6400.00,,USR-027,,2026-09-04T19:00:00+05:30
PO-00339,SHOP-014,SUP-004,received,2026-09-04T19:00:00+05:30,2026-09-09,2026-09-09T10:00:00+05:30,1080.00,,USR-027,,2026-09-04T19:00:00+05:30
PO-00340,SHOP-017,SUP-002,received,2026-09-04T19:00:00+05:30,2026-09-07,2026-09-07T10:00:00+05:30,500.00,,USR-033,,2026-09-04T19:00:00+05:30
PO-00341,SHOP-018,SUP-009,received,2026-09-04T19:00:00+05:30,2026-09-05,2026-09-05T10:00:00+05:30,900.00,,USR-035,,2026-09-04T19:00:00+05:30
PO-00342,SHOP-018,SUP-010,received,2026-09-04T19:00:00+05:30,2026-09-05,2026-09-05T10:00:00+05:30,900.00,,USR-035,,2026-09-04T19:00:00+05:30
PO-00343,SHOP-026,SUP-003,received,2026-09-04T19:00:00+05:30,2026-09-08,2026-09-08T10:00:00+05:30,1056.00,,USR-051,,2026-09-04T19:00:00+05:30
PO-00344,SHOP-033,SUP-010,received,2026-09-04T19:00:00+05:30,2026-09-05,2026-09-07T10:00:00+05:30,1350.00,,USR-065,,2026-09-04T19:00:00+05:30
PO-00345,SHOP-036,SUP-003,received,2026-09-04T19:00:00+05:30,2026-09-08,2026-09-08T10:00:00+05:30,2208.00,,USR-071,,2026-09-04T19:00:00+05:30
PO-00346,SHOP-039,SUP-002,received,2026-09-04T19:00:00+05:30,2026-09-07,2026-09-07T10:00:00+05:30,3300.00,,USR-077,,2026-09-04T19:00:00+05:30
PO-00347,SHOP-048,SUP-004,received,2026-09-04T19:00:00+05:30,2026-09-09,2026-09-09T10:00:00+05:30,10800.00,,USR-095,,2026-09-04T19:00:00+05:30
PO-00348,SHOP-001,SUP-003,received,2026-09-05T19:00:00+05:30,2026-09-09,2026-09-09T10:00:00+05:30,864.00,,USR-001,,2026-09-05T19:00:00+05:30
PO-00349,SHOP-003,SUP-007,received,2026-09-05T19:00:00+05:30,2026-09-10,2026-09-10T10:00:00+05:30,1050.00,,USR-005,,2026-09-05T19:00:00+05:30
PO-00350,SHOP-006,SUP-001,received,2026-09-05T19:00:00+05:30,2026-09-07,2026-09-07T10:00:00+05:30,1700.00,,USR-011,,2026-09-05T19:00:00+05:30
PO-00351,SHOP-010,SUP-011,received,2026-09-05T19:00:00+05:30,2026-09-11,2026-09-11T10:00:00+05:30,4500.00,,USR-019,,2026-09-05T19:00:00+05:30
PO-00352,SHOP-011,SUP-001,received,2026-09-05T19:00:00+05:30,2026-09-07,2026-09-07T10:00:00+05:30,11500.00,,USR-021,,2026-09-05T19:00:00+05:30
PO-00353,SHOP-012,SUP-010,received,2026-09-05T19:00:00+05:30,2026-09-06,2026-09-06T10:00:00+05:30,960.00,,USR-023,,2026-09-05T19:00:00+05:30
PO-00354,SHOP-013,SUP-001,received,2026-09-05T19:00:00+05:30,2026-09-07,2026-09-09T10:00:00+05:30,640.00,,USR-025,,2026-09-05T19:00:00+05:30
PO-00355,SHOP-017,SUP-001,received,2026-09-05T19:00:00+05:30,2026-09-07,2026-09-07T10:00:00+05:30,11500.00,,USR-033,,2026-09-05T19:00:00+05:30
PO-00356,SHOP-023,SUP-002,received,2026-09-05T19:00:00+05:30,2026-09-08,2026-09-08T10:00:00+05:30,600.00,,USR-045,,2026-09-05T19:00:00+05:30
PO-00357,SHOP-025,SUP-004,received,2026-09-05T19:00:00+05:30,2026-09-10,2026-09-10T10:00:00+05:30,1875.00,,USR-049,,2026-09-05T19:00:00+05:30
PO-00358,SHOP-025,SUP-005,received,2026-09-05T19:00:00+05:30,2026-09-09,2026-09-12T10:00:00+05:30,1800.00,,USR-049,,2026-09-05T19:00:00+05:30
PO-00359,SHOP-044,SUP-010,received,2026-09-05T19:00:00+05:30,2026-09-06,2026-09-06T10:00:00+05:30,900.00,,USR-087,,2026-09-05T19:00:00+05:30
PO-00360,SHOP-048,SUP-005,received,2026-09-05T19:00:00+05:30,2026-09-09,2026-09-09T10:00:00+05:30,14500.00,,USR-095,,2026-09-05T19:00:00+05:30
PO-00361,SHOP-011,SUP-003,partially_received,2026-09-06T19:00:00+05:30,2026-09-10,2026-09-11T10:00:00+05:30,1344.00,,USR-021,,2026-09-06T19:00:00+05:30
PO-00362,SHOP-013,SUP-003,received,2026-09-06T19:00:00+05:30,2026-09-10,2026-09-10T10:00:00+05:30,2100.00,,USR-025,,2026-09-06T19:00:00+05:30
PO-00363,SHOP-013,SUP-002,received,2026-09-06T19:00:00+05:30,2026-09-09,2026-09-09T10:00:00+05:30,600.00,,USR-025,,2026-09-06T19:00:00+05:30
PO-00364,SHOP-020,SUP-001,received,2026-09-06T19:00:00+05:30,2026-09-08,2026-09-08T10:00:00+05:30,1600.00,,USR-039,,2026-09-06T19:00:00+05:30
PO-00365,SHOP-020,SUP-003,received,2026-09-06T19:00:00+05:30,2026-09-10,2026-09-10T10:00:00+05:30,450.00,,USR-039,,2026-09-06T19:00:00+05:30
PO-00366,SHOP-035,SUP-011,received,2026-09-06T19:00:00+05:30,2026-09-12,2026-09-14T10:00:00+05:30,3375.00,,USR-069,,2026-09-06T19:00:00+05:30
PO-00367,SHOP-037,SUP-004,received,2026-09-06T19:00:00+05:30,2026-09-11,2026-09-12T10:00:00+05:30,3250.00,,USR-073,,2026-09-06T19:00:00+05:30
PO-00368,SHOP-044,SUP-010,received,2026-09-06T19:00:00+05:30,2026-09-07,2026-09-10T10:00:00+05:30,720.00,,USR-087,,2026-09-06T19:00:00+05:30
PO-00369,SHOP-049,SUP-010,received,2026-09-06T19:00:00+05:30,2026-09-07,2026-09-07T10:00:00+05:30,1350.00,,USR-097,,2026-09-06T19:00:00+05:30
PO-00370,SHOP-007,SUP-010,received,2026-09-07T19:00:00+05:30,2026-09-08,2026-09-08T10:00:00+05:30,1350.00,,USR-013,,2026-09-07T19:00:00+05:30
PO-00371,SHOP-008,SUP-004,received,2026-09-07T19:00:00+05:30,2026-09-12,2026-09-12T10:00:00+05:30,2125.00,,USR-015,,2026-09-07T19:00:00+05:30
PO-00372,SHOP-016,SUP-011,received,2026-09-07T19:00:00+05:30,2026-09-13,2026-09-13T10:00:00+05:30,1200.00,,USR-031,,2026-09-07T19:00:00+05:30
PO-00373,SHOP-019,SUP-005,received,2026-09-07T19:00:00+05:30,2026-09-11,2026-09-11T10:00:00+05:30,9800.00,,USR-037,,2026-09-07T19:00:00+05:30
PO-00374,SHOP-020,SUP-002,received,2026-09-07T19:00:00+05:30,2026-09-10,2026-09-10T10:00:00+05:30,600.00,,USR-039,,2026-09-07T19:00:00+05:30
PO-00375,SHOP-018,SUP-010,received,2026-09-08T19:00:00+05:30,2026-09-09,2026-09-09T10:00:00+05:30,720.00,,USR-035,,2026-09-08T19:00:00+05:30
PO-00376,SHOP-019,SUP-005,received,2026-09-08T19:00:00+05:30,2026-09-12,2026-09-12T10:00:00+05:30,9600.00,,USR-037,,2026-09-08T19:00:00+05:30
PO-00377,SHOP-037,SUP-005,received,2026-09-08T19:00:00+05:30,2026-09-12,2026-09-12T10:00:00+05:30,9800.00,,USR-073,,2026-09-08T19:00:00+05:30
PO-00378,SHOP-037,SUP-006,received,2026-09-08T19:00:00+05:30,2026-09-11,2026-09-11T10:00:00+05:30,2700.00,,USR-073,,2026-09-08T19:00:00+05:30
PO-00379,SHOP-048,SUP-004,received,2026-09-08T19:00:00+05:30,2026-09-13,2026-09-13T10:00:00+05:30,2125.00,,USR-095,,2026-09-08T19:00:00+05:30
PO-00380,SHOP-050,SUP-002,partially_received,2026-09-08T19:00:00+05:30,2026-09-11,2026-09-11T10:00:00+05:30,3300.00,,USR-099,,2026-09-08T19:00:00+05:30
PO-00381,SHOP-014,SUP-004,received,2026-09-09T19:00:00+05:30,2026-09-14,2026-09-14T10:00:00+05:30,10800.00,,USR-027,,2026-09-09T19:00:00+05:30
PO-00382,SHOP-017,SUP-002,received,2026-09-09T19:00:00+05:30,2026-09-12,2026-09-12T10:00:00+05:30,600.00,,USR-033,,2026-09-09T19:00:00+05:30
PO-00383,SHOP-023,SUP-003,received,2026-09-09T19:00:00+05:30,2026-09-13,2026-09-13T10:00:00+05:30,1800.00,,USR-045,,2026-09-09T19:00:00+05:30
PO-00384,SHOP-026,SUP-001,received,2026-09-09T19:00:00+05:30,2026-09-11,2026-09-11T10:00:00+05:30,600.00,,USR-051,,2026-09-09T19:00:00+05:30
PO-00385,SHOP-028,SUP-009,partially_received,2026-09-09T19:00:00+05:30,2026-09-10,2026-09-10T10:00:00+05:30,1040.00,,USR-055,,2026-09-09T19:00:00+05:30
PO-00386,SHOP-032,SUP-003,received,2026-09-09T19:00:00+05:30,2026-09-13,2026-09-13T10:00:00+05:30,600.00,,USR-063,,2026-09-09T19:00:00+05:30
PO-00387,SHOP-036,SUP-001,received,2026-09-09T19:00:00+05:30,2026-09-11,2026-09-11T10:00:00+05:30,1650.00,,USR-071,,2026-09-09T19:00:00+05:30
PO-00388,SHOP-042,SUP-006,received,2026-09-09T19:00:00+05:30,2026-09-12,2026-09-15T10:00:00+05:30,2700.00,,USR-083,,2026-09-09T19:00:00+05:30
PO-00389,SHOP-049,SUP-010,received,2026-09-09T19:00:00+05:30,2026-09-10,2026-09-12T10:00:00+05:30,960.00,,USR-097,,2026-09-09T19:00:00+05:30
PO-00390,SHOP-001,SUP-001,received,2026-09-10T19:00:00+05:30,2026-09-12,2026-09-12T10:00:00+05:30,5700.00,,USR-001,,2026-09-10T19:00:00+05:30
PO-00391,SHOP-001,SUP-002,received,2026-09-10T19:00:00+05:30,2026-09-13,2026-09-13T10:00:00+05:30,3900.00,,USR-001,,2026-09-10T19:00:00+05:30
PO-00392,SHOP-006,SUP-002,received,2026-09-10T19:00:00+05:30,2026-09-13,2026-09-13T10:00:00+05:30,3360.00,,USR-011,,2026-09-10T19:00:00+05:30
PO-00393,SHOP-006,SUP-001,received,2026-09-10T19:00:00+05:30,2026-09-12,2026-09-15T10:00:00+05:30,600.00,,USR-011,,2026-09-10T19:00:00+05:30
PO-00394,SHOP-026,SUP-002,partially_received,2026-09-10T19:00:00+05:30,2026-09-13,2026-09-13T10:00:00+05:30,3360.00,,USR-051,,2026-09-10T19:00:00+05:30
PO-00395,SHOP-026,SUP-001,received,2026-09-10T19:00:00+05:30,2026-09-12,2026-09-12T10:00:00+05:30,6240.00,,USR-051,,2026-09-10T19:00:00+05:30
PO-00396,SHOP-028,SUP-010,received,2026-09-10T19:00:00+05:30,2026-09-11,2026-09-11T10:00:00+05:30,625.00,,USR-055,,2026-09-10T19:00:00+05:30
PO-00397,SHOP-032,SUP-001,received,2026-09-10T19:00:00+05:30,2026-09-12,2026-09-12T10:00:00+05:30,4500.00,,USR-063,,2026-09-10T19:00:00+05:30
PO-00398,SHOP-037,SUP-004,received,2026-09-10T19:00:00+05:30,2026-09-15,2026-09-17T10:00:00+05:30,14005.00,,USR-073,,2026-09-10T19:00:00+05:30
PO-00399,SHOP-002,SUP-004,received,2026-09-11T19:00:00+05:30,2026-09-16,2026-09-16T10:00:00+05:30,1680.00,,USR-003,,2026-09-11T19:00:00+05:30
PO-00400,SHOP-006,SUP-001,received,2026-09-11T19:00:00+05:30,2026-09-13,2026-09-13T10:00:00+05:30,11500.00,,USR-011,,2026-09-11T19:00:00+05:30
PO-00401,SHOP-006,SUP-002,received,2026-09-11T19:00:00+05:30,2026-09-14,2026-09-14T10:00:00+05:30,7200.00,,USR-011,,2026-09-11T19:00:00+05:30
PO-00402,SHOP-008,SUP-006,received,2026-09-11T19:00:00+05:30,2026-09-14,2026-09-14T10:00:00+05:30,3300.00,,USR-015,,2026-09-11T19:00:00+05:30
PO-00403,SHOP-014,SUP-005,received,2026-09-11T19:00:00+05:30,2026-09-15,2026-09-15T10:00:00+05:30,14500.00,,USR-027,,2026-09-11T19:00:00+05:30
PO-00404,SHOP-023,SUP-002,received,2026-09-11T19:00:00+05:30,2026-09-14,2026-09-14T10:00:00+05:30,1700.00,,USR-045,,2026-09-11T19:00:00+05:30
PO-00405,SHOP-004,SUP-009,received,2026-09-12T19:00:00+05:30,2026-09-13,2026-09-13T10:00:00+05:30,1500.00,,USR-007,,2026-09-12T19:00:00+05:30
PO-00406,SHOP-005,SUP-011,received,2026-09-12T19:00:00+05:30,2026-09-18,2026-09-18T10:00:00+05:30,5424.00,,USR-009,,2026-09-12T19:00:00+05:30
PO-00407,SHOP-013,SUP-001,received,2026-09-12T19:00:00+05:30,2026-09-14,2026-09-14T10:00:00+05:30,540.00,,USR-025,,2026-09-12T19:00:00+05:30
PO-00408,SHOP-017,SUP-001,received,2026-09-12T19:00:00+05:30,2026-09-14,2026-09-14T10:00:00+05:30,1600.00,,USR-033,,2026-09-12T19:00:00+05:30
PO-00409,SHOP-020,SUP-002,received,2026-09-12T19:00:00+05:30,2026-09-15,2026-09-15T10:00:00+05:30,3900.00,,USR-039,,2026-09-12T19:00:00+05:30
PO-00410,SHOP-020,SUP-003,received,2026-09-12T19:00:00+05:30,2026-09-16,2026-09-16T10:00:00+05:30,1056.00,,USR-039,,2026-09-12T19:00:00+05:30
PO-00411,SHOP-049,SUP-010,received,2026-09-12T19:00:00+05:30,2026-09-13,2026-09-13T10:00:00+05:30,1100.00,,USR-097,,2026-09-12T19:00:00+05:30
PO-00412,SHOP-011,SUP-003,received,2026-09-13T19:00:00+05:30,2026-09-17,2026-09-19T10:00:00+05:30,2040.00,,USR-021,,2026-09-13T19:00:00+05:30
PO-00413,SHOP-013,SUP-003,received,2026-09-13T19:00:00+05:30,2026-09-17,2026-09-19T10:00:00+05:30,720.00,,USR-025,,2026-09-13T19:00:00+05:30
PO-00414,SHOP-024,SUP-010,received,2026-09-13T19:00:00+05:30,2026-09-14,2026-09-14T10:00:00+05:30,800.00,,USR-047,,2026-09-13T19:00:00+05:30
PO-00415,SHOP-030,SUP-001,received,2026-09-13T19:00:00+05:30,2026-09-15,2026-09-15T10:00:00+05:30,1650.00,,USR-059,,2026-09-13T19:00:00+05:30
PO-00416,SHOP-037,SUP-004,received,2026-09-13T19:00:00+05:30,2026-09-18,2026-09-18T10:00:00+05:30,2520.00,,USR-073,,2026-09-13T19:00:00+05:30
PO-00417,SHOP-038,SUP-009,received,2026-09-13T19:00:00+05:30,2026-09-14,2026-09-14T10:00:00+05:30,1440.00,,USR-075,,2026-09-13T19:00:00+05:30
PO-00418,SHOP-049,SUP-010,received,2026-09-13T19:00:00+05:30,2026-09-14,2026-09-14T10:00:00+05:30,625.00,,USR-097,,2026-09-13T19:00:00+05:30
PO-00419,SHOP-001,SUP-001,received,2026-09-14T19:00:00+05:30,2026-09-16,2026-09-16T10:00:00+05:30,11500.00,,USR-001,,2026-09-14T19:00:00+05:30
PO-00420,SHOP-001,SUP-003,partially_received,2026-09-14T19:00:00+05:30,2026-09-18,2026-09-18T10:00:00+05:30,2640.00,,USR-001,,2026-09-14T19:00:00+05:30
PO-00421,SHOP-004,SUP-010,received,2026-09-14T19:00:00+05:30,2026-09-15,2026-09-15T10:00:00+05:30,625.00,,USR-007,,2026-09-14T19:00:00+05:30
PO-00422,SHOP-006,SUP-003,received,2026-09-14T19:00:00+05:30,2026-09-18,2026-09-18T10:00:00+05:30,2040.00,,USR-011,,2026-09-14T19:00:00+05:30
PO-00423,SHOP-017,SUP-002,received,2026-09-14T19:00:00+05:30,2026-09-17,2026-09-19T10:00:00+05:30,3300.00,,USR-033,,2026-09-14T19:00:00+05:30
PO-00424,SHOP-020,SUP-001,received,2026-09-14T19:00:00+05:30,2026-09-16,2026-09-16T10:00:00+05:30,540.00,,USR-039,,2026-09-14T19:00:00+05:30
PO-00425,SHOP-024,SUP-010,received,2026-09-14T19:00:00+05:30,2026-09-15,2026-09-15T10:00:00+05:30,375.00,,USR-047,,2026-09-14T19:00:00+05:30
PO-00426,SHOP-032,SUP-001,received,2026-09-14T19:00:00+05:30,2026-09-16,2026-09-16T10:00:00+05:30,540.00,,USR-063,,2026-09-14T19:00:00+05:30
PO-00427,SHOP-048,SUP-006,received,2026-09-14T19:00:00+05:30,2026-09-17,2026-09-17T10:00:00+05:30,2700.00,,USR-095,,2026-09-14T19:00:00+05:30
PO-00428,SHOP-050,SUP-002,received,2026-09-14T19:00:00+05:30,2026-09-17,2026-09-17T10:00:00+05:30,3900.00,,USR-099,,2026-09-14T19:00:00+05:30
PO-00429,SHOP-019,SUP-004,received,2026-09-15T19:00:00+05:30,2026-09-20,2026-09-21T10:00:00+05:30,1875.00,,USR-037,,2026-09-15T19:00:00+05:30
PO-00430,SHOP-040,SUP-007,received,2026-09-15T19:00:00+05:30,2026-09-20,2026-09-20T10:00:00+05:30,760.00,,USR-079,,2026-09-15T19:00:00+05:30
PO-00431,SHOP-044,SUP-010,received,2026-09-15T19:00:00+05:30,2026-09-16,2026-09-16T10:00:00+05:30,1160.00,,USR-087,,2026-09-15T19:00:00+05:30
PO-00432,SHOP-045,SUP-001,received,2026-09-15T19:00:00+05:30,2026-09-17,2026-09-17T10:00:00+05:30,1750.00,,USR-089,,2026-09-15T19:00:00+05:30
PO-00433,SHOP-050,SUP-003,received,2026-09-15T19:00:00+05:30,2026-09-19,2026-09-19T10:00:00+05:30,648.00,,USR-099,,2026-09-15T19:00:00+05:30
PO-00434,SHOP-001,SUP-001,received,2026-09-16T19:00:00+05:30,2026-09-18,2026-09-18T10:00:00+05:30,600.00,,USR-001,,2026-09-16T19:00:00+05:30
PO-00435,SHOP-006,SUP-002,received,2026-09-16T19:00:00+05:30,2026-09-19,2026-09-19T10:00:00+05:30,560.00,,USR-011,,2026-09-16T19:00:00+05:30
PO-00436,SHOP-013,SUP-003,received,2026-09-16T19:00:00+05:30,2026-09-20,2026-09-20T10:00:00+05:30,1400.00,,USR-025,,2026-09-16T19:00:00+05:30
PO-00437,SHOP-033,SUP-010,received,2026-09-16T19:00:00+05:30,2026-09-17,2026-09-17T10:00:00+05:30,360.00,,USR-065,,2026-09-16T19:00:00+05:30
PO-00438,SHOP-045,SUP-001,received,2026-09-16T19:00:00+05:30,2026-09-18,2026-09-18T10:00:00+05:30,12190.00,,USR-089,,2026-09-16T19:00:00+05:30
PO-00439,SHOP-002,SUP-004,received,2026-09-17T19:00:00+05:30,2026-09-22,2026-09-22T10:00:00+05:30,1875.00,,USR-003,,2026-09-17T19:00:00+05:30
PO-00440,SHOP-004,SUP-010,received,2026-09-17T19:00:00+05:30,2026-09-18,2026-09-18T10:00:00+05:30,1100.00,,USR-007,,2026-09-17T19:00:00+05:30
PO-00441,SHOP-007,SUP-010,received,2026-09-17T19:00:00+05:30,2026-09-18,2026-09-18T10:00:00+05:30,1700.00,,USR-013,,2026-09-17T19:00:00+05:30
PO-00442,SHOP-011,SUP-001,received,2026-09-17T19:00:00+05:30,2026-09-19,2026-09-19T10:00:00+05:30,6150.00,,USR-021,,2026-09-17T19:00:00+05:30
PO-00443,SHOP-036,SUP-002,received,2026-09-17T19:00:00+05:30,2026-09-20,2026-09-20T10:00:00+05:30,3360.00,,USR-071,,2026-09-17T19:00:00+05:30
PO-00444,SHOP-037,SUP-005,received,2026-09-17T19:00:00+05:30,2026-09-21,2026-09-21T10:00:00+05:30,8040.00,,USR-073,,2026-09-17T19:00:00+05:30
PO-00445,SHOP-042,SUP-004,received,2026-09-17T19:00:00+05:30,2026-09-22,2026-09-22T10:00:00+05:30,10800.00,,USR-083,,2026-09-17T19:00:00+05:30
PO-00446,SHOP-002,SUP-005,received,2026-09-18T19:00:00+05:30,2026-09-22,2026-09-22T10:00:00+05:30,9800.00,,USR-003,,2026-09-18T19:00:00+05:30
PO-00447,SHOP-005,SUP-012,received,2026-09-18T19:00:00+05:30,2026-09-22,2026-09-22T10:00:00+05:30,3360.00,,USR-009,,2026-09-18T19:00:00+05:30
PO-00448,SHOP-006,SUP-002,received,2026-09-18T19:00:00+05:30,2026-09-21,2026-09-21T10:00:00+05:30,600.00,,USR-011,,2026-09-18T19:00:00+05:30
PO-00449,SHOP-007,SUP-010,received,2026-09-18T19:00:00+05:30,2026-09-19,2026-09-19T10:00:00+05:30,625.00,,USR-013,,2026-09-18T19:00:00+05:30
PO-00450,SHOP-011,SUP-002,received,2026-09-18T19:00:00+05:30,2026-09-21,2026-09-22T10:00:00+05:30,3360.00,,USR-021,,2026-09-18T19:00:00+05:30
PO-00451,SHOP-013,SUP-001,received,2026-09-18T19:00:00+05:30,2026-09-20,2026-09-20T10:00:00+05:30,5700.00,,USR-025,,2026-09-18T19:00:00+05:30
PO-00452,SHOP-016,SUP-011,received,2026-09-18T19:00:00+05:30,2026-09-24,2026-09-24T10:00:00+05:30,4500.00,,USR-031,,2026-09-18T19:00:00+05:30
PO-00453,SHOP-019,SUP-005,received,2026-09-18T19:00:00+05:30,2026-09-22,2026-09-22T10:00:00+05:30,20460.00,,USR-037,,2026-09-18T19:00:00+05:30
PO-00454,SHOP-020,SUP-001,partially_received,2026-09-18T19:00:00+05:30,2026-09-20,2026-09-20T10:00:00+05:30,560.00,,USR-039,,2026-09-18T19:00:00+05:30
PO-00455,SHOP-026,SUP-001,partially_received,2026-09-18T19:00:00+05:30,2026-09-20,2026-09-20T10:00:00+05:30,1600.00,,USR-051,,2026-09-18T19:00:00+05:30
PO-00456,SHOP-038,SUP-010,received,2026-09-18T19:00:00+05:30,2026-09-19,2026-09-19T10:00:00+05:30,375.00,,USR-075,,2026-09-18T19:00:00+05:30
PO-00457,SHOP-050,SUP-001,received,2026-09-18T19:00:00+05:30,2026-09-20,2026-09-20T10:00:00+05:30,540.00,,USR-099,,2026-09-18T19:00:00+05:30
PO-00458,SHOP-002,SUP-005,received,2026-09-19T19:00:00+05:30,2026-09-23,2026-09-23T10:00:00+05:30,7800.00,,USR-003,,2026-09-19T19:00:00+05:30
PO-00459,SHOP-002,SUP-006,received,2026-09-19T19:00:00+05:30,2026-09-22,2026-09-22T10:00:00+05:30,2700.00,,USR-003,,2026-09-19T19:00:00+05:30
PO-00460,SHOP-007,SUP-010,received,2026-09-19T19:00:00+05:30,2026-09-20,2026-09-21T10:00:00+05:30,390.00,,USR-013,,2026-09-19T19:00:00+05:30
PO-00461,SHOP-010,SUP-012,partially_received,2026-09-19T19:00:00+05:30,2026-09-23,2026-09-23T10:00:00+05:30,4500.00,,USR-019,,2026-09-19T19:00:00+05:30
PO-00462,SHOP-023,SUP-002,received,2026-09-19T19:00:00+05:30,2026-09-22,2026-09-22T10:00:00+05:30,2300.00,,USR-045,,2026-09-19T19:00:00+05:30
PO-00463,SHOP-024,SUP-009,received,2026-09-19T19:00:00+05:30,2026-09-20,2026-09-20T10:00:00+05:30,900.00,,USR-047,,2026-09-19T19:00:00+05:30
PO-00464,SHOP-026,SUP-003,received,2026-09-19T19:00:00+05:30,2026-09-23,2026-09-24T10:00:00+05:30,1800.00,,USR-051,,2026-09-19T19:00:00+05:30
PO-00465,SHOP-026,SUP-001,received,2026-09-19T19:00:00+05:30,2026-09-21,2026-09-22T10:00:00+05:30,1650.00,,USR-051,,2026-09-19T19:00:00+05:30
PO-00466,SHOP-028,SUP-010,received,2026-09-19T19:00:00+05:30,2026-09-20,2026-09-20T10:00:00+05:30,1350.00,,USR-055,,2026-09-19T19:00:00+05:30
PO-00467,SHOP-042,SUP-004,received,2026-09-19T19:00:00+05:30,2026-09-24,2026-09-24T10:00:00+05:30,2520.00,,USR-083,,2026-09-19T19:00:00+05:30
PO-00468,SHOP-045,SUP-001,received,2026-09-19T19:00:00+05:30,2026-09-21,2026-09-21T10:00:00+05:30,3090.00,,USR-089,,2026-09-19T19:00:00+05:30
PO-00469,SHOP-047,SUP-011,received,2026-09-19T19:00:00+05:30,2026-09-25,2026-09-25T10:00:00+05:30,1200.00,,USR-093,,2026-09-19T19:00:00+05:30
PO-00470,SHOP-006,SUP-003,received,2026-09-20T19:00:00+05:30,2026-09-24,2026-09-24T10:00:00+05:30,3500.00,,USR-011,,2026-09-20T19:00:00+05:30
PO-00471,SHOP-012,SUP-009,received,2026-09-20T19:00:00+05:30,2026-09-21,2026-09-21T10:00:00+05:30,1040.00,,USR-023,,2026-09-20T19:00:00+05:30
PO-00472,SHOP-013,SUP-003,received,2026-09-20T19:00:00+05:30,2026-09-24,2026-09-24T10:00:00+05:30,684.00,,USR-025,,2026-09-20T19:00:00+05:30
PO-00473,SHOP-024,SUP-009,received,2026-09-20T19:00:00+05:30,2026-09-21,2026-09-21T10:00:00+05:30,1500.00,,USR-047,,2026-09-20T19:00:00+05:30
PO-00474,SHOP-026,SUP-002,received,2026-09-20T19:00:00+05:30,2026-09-23,2026-09-23T10:00:00+05:30,2300.00,,USR-051,,2026-09-20T19:00:00+05:30
PO-00475,SHOP-028,SUP-009,partially_received,2026-09-20T19:00:00+05:30,2026-09-21,2026-09-21T10:00:00+05:30,1500.00,,USR-055,,2026-09-20T19:00:00+05:30
PO-00476,SHOP-029,SUP-012,received,2026-09-20T19:00:00+05:30,2026-09-24,2026-09-24T10:00:00+05:30,5600.00,,USR-057,,2026-09-20T19:00:00+05:30
PO-00477,SHOP-029,SUP-011,received,2026-09-20T19:00:00+05:30,2026-09-26,2026-09-26T10:00:00+05:30,2640.00,,USR-057,,2026-09-20T19:00:00+05:30
PO-00478,SHOP-036,SUP-003,received,2026-09-20T19:00:00+05:30,2026-09-24,2026-09-24T10:00:00+05:30,2784.00,,USR-071,,2026-09-20T19:00:00+05:30
PO-00479,SHOP-040,SUP-007,received,2026-09-20T19:00:00+05:30,2026-09-25,2026-09-25T10:00:00+05:30,1080.00,,USR-079,,2026-09-20T19:00:00+05:30
PO-00480,SHOP-044,SUP-009,received,2026-09-20T19:00:00+05:30,2026-09-21,2026-09-21T10:00:00+05:30,900.00,,USR-087,,2026-09-20T19:00:00+05:30
PO-00481,SHOP-045,SUP-001,received,2026-09-20T19:00:00+05:30,2026-09-22,2026-09-25T10:00:00+05:30,1600.00,,USR-089,,2026-09-20T19:00:00+05:30
PO-00482,SHOP-049,SUP-009,received,2026-09-20T19:00:00+05:30,2026-09-21,2026-09-21T10:00:00+05:30,2500.00,,USR-097,,2026-09-20T19:00:00+05:30
PO-00483,SHOP-008,SUP-006,received,2026-09-21T19:00:00+05:30,2026-09-24,2026-09-24T10:00:00+05:30,6720.00,,USR-015,,2026-09-21T19:00:00+05:30
PO-00484,SHOP-008,SUP-004,received,2026-09-21T19:00:00+05:30,2026-09-26,2026-09-28T10:00:00+05:30,1875.00,,USR-015,,2026-09-21T19:00:00+05:30
PO-00485,SHOP-009,SUP-008,received,2026-09-21T19:00:00+05:30,2026-09-23,2026-09-23T10:00:00+05:30,1020.00,,USR-017,,2026-09-21T19:00:00+05:30
PO-00486,SHOP-017,SUP-002,received,2026-09-21T19:00:00+05:30,2026-09-24,2026-09-24T10:00:00+05:30,1700.00,,USR-033,,2026-09-21T19:00:00+05:30
PO-00487,SHOP-017,SUP-003,received,2026-09-21T19:00:00+05:30,2026-09-25,2026-09-25T10:00:00+05:30,600.00,,USR-033,,2026-09-21T19:00:00+05:30
PO-00488,SHOP-020,SUP-001,received,2026-09-21T19:00:00+05:30,2026-09-23,2026-09-23T10:00:00+05:30,11500.00,,USR-039,,2026-09-21T19:00:00+05:30
PO-00489,SHOP-024,SUP-009,received,2026-09-21T19:00:00+05:30,2026-09-22,2026-09-22T10:00:00+05:30,480.00,,USR-047,,2026-09-21T19:00:00+05:30
PO-00490,SHOP-026,SUP-003,received,2026-09-21T19:00:00+05:30,2026-09-25,2026-09-25T10:00:00+05:30,2100.00,,USR-051,,2026-09-21T19:00:00+05:30
PO-00491,SHOP-035,SUP-011,received,2026-09-21T19:00:00+05:30,2026-09-27,2026-09-27T10:00:00+05:30,1000.00,,USR-069,,2026-09-21T19:00:00+05:30
PO-00492,SHOP-037,SUP-005,received,2026-09-21T19:00:00+05:30,2026-09-25,2026-09-25T10:00:00+05:30,14500.00,,USR-073,,2026-09-21T19:00:00+05:30
PO-00493,SHOP-040,SUP-007,received,2026-09-21T19:00:00+05:30,2026-09-26,2026-09-27T10:00:00+05:30,1500.00,,USR-079,,2026-09-21T19:00:00+05:30
PO-00494,SHOP-045,SUP-003,received,2026-09-21T19:00:00+05:30,2026-09-25,2026-09-25T10:00:00+05:30,600.00,,USR-089,,2026-09-21T19:00:00+05:30
PO-00495,SHOP-004,SUP-010,received,2026-09-22T19:00:00+05:30,2026-09-23,2026-09-23T10:00:00+05:30,1095.00,,USR-007,,2026-09-22T19:00:00+05:30
PO-00496,SHOP-004,SUP-009,received,2026-09-22T19:00:00+05:30,2026-09-23,2026-09-23T10:00:00+05:30,480.00,,USR-007,,2026-09-22T19:00:00+05:30
PO-00497,SHOP-008,SUP-006,partially_received,2026-09-22T19:00:00+05:30,2026-09-25,2026-09-25T10:00:00+05:30,600.00,,USR-015,,2026-09-22T19:00:00+05:30
PO-00498,SHOP-009,SUP-008,received,2026-09-22T19:00:00+05:30,2026-09-24,2026-09-24T10:00:00+05:30,600.00,,USR-017,,2026-09-22T19:00:00+05:30
PO-00499,SHOP-013,SUP-001,received,2026-09-22T19:00:00+05:30,2026-09-24,2026-09-24T10:00:00+05:30,2850.00,,USR-025,,2026-09-22T19:00:00+05:30
PO-00500,SHOP-013,SUP-002,received,2026-09-22T19:00:00+05:30,2026-09-25,2026-09-25T10:00:00+05:30,1700.00,,USR-025,,2026-09-22T19:00:00+05:30
PO-00501,SHOP-020,SUP-003,received,2026-09-22T19:00:00+05:30,2026-09-26,2026-09-26T10:00:00+05:30,648.00,,USR-039,,2026-09-22T19:00:00+05:30
PO-00502,SHOP-024,SUP-010,partially_received,2026-09-22T19:00:00+05:30,2026-09-23,2026-09-23T10:00:00+05:30,960.00,,USR-047,,2026-09-22T19:00:00+05:30
PO-00503,SHOP-028,SUP-010,received,2026-09-22T19:00:00+05:30,2026-09-23,2026-09-23T10:00:00+05:30,1350.00,,USR-055,,2026-09-22T19:00:00+05:30
PO-00504,SHOP-033,SUP-010,received,2026-09-22T19:00:00+05:30,2026-09-23,2026-09-23T10:00:00+05:30,720.00,,USR-065,,2026-09-22T19:00:00+05:30
PO-00505,SHOP-035,SUP-011,received,2026-09-22T19:00:00+05:30,2026-09-28,2026-09-28T10:00:00+05:30,2784.00,,USR-069,,2026-09-22T19:00:00+05:30
PO-00506,SHOP-004,SUP-009,received,2026-09-23T19:00:00+05:30,2026-09-24,2026-09-24T10:00:00+05:30,1040.00,,USR-007,,2026-09-23T19:00:00+05:30
PO-00507,SHOP-008,SUP-004,received,2026-09-23T19:00:00+05:30,2026-09-28,2026-09-30T10:00:00+05:30,1350.00,,USR-015,,2026-09-23T19:00:00+05:30
PO-00508,SHOP-020,SUP-001,received,2026-09-23T19:00:00+05:30,2026-09-25,2026-09-25T10:00:00+05:30,600.00,,USR-039,,2026-09-23T19:00:00+05:30
PO-00509,SHOP-029,SUP-012,received,2026-09-23T19:00:00+05:30,2026-09-27,2026-09-29T10:00:00+05:30,1500.00,,USR-057,,2026-09-23T19:00:00+05:30
PO-00510,SHOP-046,SUP-007,received,2026-09-23T19:00:00+05:30,2026-09-28,2026-09-29T10:00:00+05:30,1900.00,,USR-091,,2026-09-23T19:00:00+05:30
PO-00511,SHOP-049,SUP-009,received,2026-09-23T19:00:00+05:30,2026-09-24,2026-09-24T10:00:00+05:30,1040.00,,USR-097,,2026-09-23T19:00:00+05:30
PO-00512,SHOP-004,SUP-009,received,2026-09-24T19:00:00+05:30,2026-09-25,2026-09-25T10:00:00+05:30,900.00,,USR-007,,2026-09-24T19:00:00+05:30
PO-00513,SHOP-008,SUP-004,received,2026-09-24T19:00:00+05:30,2026-09-29,2026-09-29T10:00:00+05:30,41400.00,,USR-015,,2026-09-24T19:00:00+05:30
PO-00514,SHOP-023,SUP-001,received,2026-09-24T19:00:00+05:30,2026-09-26,2026-09-26T10:00:00+05:30,540.00,,USR-045,,2026-09-24T19:00:00+05:30
PO-00515,SHOP-024,SUP-009,received,2026-09-24T19:00:00+05:30,2026-09-25,2026-09-25T10:00:00+05:30,3480.00,,USR-047,,2026-09-24T19:00:00+05:30
PO-00516,SHOP-028,SUP-010,received,2026-09-24T19:00:00+05:30,2026-09-25,2026-09-25T10:00:00+05:30,1100.00,,USR-055,,2026-09-24T19:00:00+05:30
PO-00517,SHOP-043,SUP-002,partially_received,2026-09-24T19:00:00+05:30,2026-09-27,2026-09-27T10:00:00+05:30,3360.00,,USR-085,,2026-09-24T19:00:00+05:30
PO-00518,SHOP-043,SUP-003,received,2026-09-24T19:00:00+05:30,2026-09-28,2026-09-28T10:00:00+05:30,2640.00,,USR-085,,2026-09-24T19:00:00+05:30
PO-00519,SHOP-044,SUP-009,received,2026-09-24T19:00:00+05:30,2026-09-25,2026-09-25T10:00:00+05:30,3480.00,,USR-087,,2026-09-24T19:00:00+05:30
PO-00520,SHOP-045,SUP-002,partially_received,2026-09-24T19:00:00+05:30,2026-09-27,2026-09-27T10:00:00+05:30,600.00,,USR-089,,2026-09-24T19:00:00+05:30
PO-00521,SHOP-005,SUP-011,placed,2026-09-25T19:00:00+05:30,2026-10-01,,4500.00,,USR-009,,2026-09-25T19:00:00+05:30
PO-00522,SHOP-007,SUP-010,received,2026-09-25T19:00:00+05:30,2026-09-26,2026-09-28T10:00:00+05:30,900.00,,USR-013,,2026-09-25T19:00:00+05:30
PO-00523,SHOP-008,SUP-004,received,2026-09-25T19:00:00+05:30,2026-09-30,2026-09-30T10:00:00+05:30,1130.00,,USR-015,,2026-09-25T19:00:00+05:30
PO-00524,SHOP-011,SUP-003,received,2026-09-25T19:00:00+05:30,2026-09-29,2026-09-29T10:00:00+05:30,864.00,,USR-021,,2026-09-25T19:00:00+05:30
PO-00525,SHOP-011,SUP-001,received,2026-09-25T19:00:00+05:30,2026-09-27,2026-09-27T10:00:00+05:30,1650.00,,USR-021,,2026-09-25T19:00:00+05:30
PO-00526,SHOP-023,SUP-001,partially_received,2026-09-25T19:00:00+05:30,2026-09-27,2026-09-27T10:00:00+05:30,1600.00,,USR-045,,2026-09-25T19:00:00+05:30
PO-00527,SHOP-028,SUP-009,received,2026-09-25T19:00:00+05:30,2026-09-26,2026-09-26T10:00:00+05:30,3480.00,,USR-055,,2026-09-25T19:00:00+05:30
PO-00528,SHOP-030,SUP-001,received,2026-09-25T19:00:00+05:30,2026-09-27,2026-09-27T10:00:00+05:30,12080.00,,USR-059,,2026-09-25T19:00:00+05:30
PO-00529,SHOP-033,SUP-010,received,2026-09-25T19:00:00+05:30,2026-09-26,2026-09-26T10:00:00+05:30,900.00,,USR-065,,2026-09-25T19:00:00+05:30
PO-00530,SHOP-035,SUP-012,received,2026-09-25T19:00:00+05:30,2026-09-29,2026-09-29T10:00:00+05:30,7860.00,,USR-069,,2026-09-25T19:00:00+05:30
PO-00531,SHOP-036,SUP-002,received,2026-09-25T19:00:00+05:30,2026-09-28,2026-09-28T10:00:00+05:30,3900.00,,USR-071,,2026-09-25T19:00:00+05:30
PO-00532,SHOP-039,SUP-003,received,2026-09-25T19:00:00+05:30,2026-09-29,2026-09-29T10:00:00+05:30,1800.00,,USR-077,,2026-09-25T19:00:00+05:30
PO-00533,SHOP-001,SUP-001,received,2026-09-26T19:00:00+05:30,2026-09-28,2026-09-28T10:00:00+05:30,540.00,,USR-001,,2026-09-26T19:00:00+05:30
PO-00534,SHOP-008,SUP-004,placed,2026-09-26T19:00:00+05:30,2026-10-01,,1680.00,,USR-015,,2026-09-26T19:00:00+05:30
PO-00535,SHOP-017,SUP-002,received,2026-09-26T19:00:00+05:30,2026-09-29,2026-09-29T10:00:00+05:30,4200.00,,USR-033,,2026-09-26T19:00:00+05:30
PO-00536,SHOP-023,SUP-001,received,2026-09-26T19:00:00+05:30,2026-09-28,2026-09-28T10:00:00+05:30,11500.00,,USR-045,,2026-09-26T19:00:00+05:30
PO-00537,SHOP-029,SUP-011,placed,2026-09-26T19:00:00+05:30,2026-10-02,,1200.00,,USR-057,,2026-09-26T19:00:00+05:30
PO-00538,SHOP-030,SUP-001,received,2026-09-26T19:00:00+05:30,2026-09-28,2026-09-28T10:00:00+05:30,1600.00,,USR-059,,2026-09-26T19:00:00+05:30
PO-00539,SHOP-035,SUP-011,placed,2026-09-26T19:00:00+05:30,2026-10-02,,4500.00,,USR-069,,2026-09-26T19:00:00+05:30
PO-00540,SHOP-037,SUP-004,placed,2026-09-26T19:00:00+05:30,2026-10-01,,1875.00,,USR-073,,2026-09-26T19:00:00+05:30
PO-00541,SHOP-037,SUP-005,received,2026-09-26T19:00:00+05:30,2026-09-30,2026-09-30T10:00:00+05:30,1350.00,,USR-073,,2026-09-26T19:00:00+05:30
PO-00542,SHOP-037,SUP-006,received,2026-09-26T19:00:00+05:30,2026-09-29,2026-09-29T10:00:00+05:30,2700.00,,USR-073,,2026-09-26T19:00:00+05:30
PO-00543,SHOP-038,SUP-009,received,2026-09-26T19:00:00+05:30,2026-09-27,2026-09-27T10:00:00+05:30,900.00,,USR-075,,2026-09-26T19:00:00+05:30
PO-00544,SHOP-050,SUP-003,received,2026-09-26T19:00:00+05:30,2026-09-30,2026-09-30T10:00:00+05:30,1056.00,,USR-099,,2026-09-26T19:00:00+05:30
PO-00545,SHOP-017,SUP-002,placed,2026-09-27T19:00:00+05:30,2026-09-30,,240.00,,USR-033,,2026-09-27T19:00:00+05:30
PO-00546,SHOP-018,SUP-009,received,2026-09-27T19:00:00+05:30,2026-09-28,2026-09-28T10:00:00+05:30,900.00,,USR-035,,2026-09-27T19:00:00+05:30
PO-00547,SHOP-024,SUP-009,received,2026-09-27T19:00:00+05:30,2026-09-28,2026-09-28T10:00:00+05:30,900.00,,USR-047,,2026-09-27T19:00:00+05:30
PO-00548,SHOP-026,SUP-002,placed,2026-09-27T19:00:00+05:30,2026-09-30,,240.00,,USR-051,,2026-09-27T19:00:00+05:30
PO-00549,SHOP-027,SUP-007,placed,2026-09-27T19:00:00+05:30,2026-10-02,,1050.00,,USR-053,,2026-09-27T19:00:00+05:30
PO-00550,SHOP-028,SUP-010,received,2026-09-27T19:00:00+05:30,2026-09-28,2026-09-28T10:00:00+05:30,800.00,,USR-055,,2026-09-27T19:00:00+05:30
PO-00551,SHOP-033,SUP-010,received,2026-09-27T19:00:00+05:30,2026-09-28,2026-09-28T10:00:00+05:30,1100.00,,USR-065,,2026-09-27T19:00:00+05:30
PO-00552,SHOP-033,SUP-009,received,2026-09-27T19:00:00+05:30,2026-09-28,2026-09-28T10:00:00+05:30,900.00,,USR-065,,2026-09-27T19:00:00+05:30
PO-00553,SHOP-035,SUP-011,placed,2026-09-27T19:00:00+05:30,2026-10-03,,2000.00,,USR-069,,2026-09-27T19:00:00+05:30
PO-00554,SHOP-037,SUP-005,placed,2026-09-27T19:00:00+05:30,2026-10-01,,9800.00,,USR-073,,2026-09-27T19:00:00+05:30
PO-00555,SHOP-037,SUP-004,placed,2026-09-27T19:00:00+05:30,2026-10-02,,1100.00,,USR-073,,2026-09-27T19:00:00+05:30
PO-00556,SHOP-040,SUP-007,placed,2026-09-27T19:00:00+05:30,2026-10-02,,1100.00,,USR-079,,2026-09-27T19:00:00+05:30
PO-00557,SHOP-006,SUP-001,received,2026-09-28T19:00:00+05:30,2026-09-30,2026-09-30T10:00:00+05:30,2850.00,,USR-011,,2026-09-28T19:00:00+05:30
PO-00558,SHOP-012,SUP-009,received,2026-09-28T19:00:00+05:30,2026-09-29,2026-09-29T10:00:00+05:30,1500.00,,USR-023,,2026-09-28T19:00:00+05:30
PO-00559,SHOP-013,SUP-001,received,2026-09-28T19:00:00+05:30,2026-09-30,2026-09-30T10:00:00+05:30,1650.00,,USR-025,,2026-09-28T19:00:00+05:30
PO-00560,SHOP-032,SUP-002,placed,2026-09-28T19:00:00+05:30,2026-10-01,,500.00,,USR-063,,2026-09-28T19:00:00+05:30
PO-00561,SHOP-035,SUP-011,placed,2026-09-28T19:00:00+05:30,2026-10-04,,2800.00,,USR-069,,2026-09-28T19:00:00+05:30
PO-00562,SHOP-042,SUP-006,placed,2026-09-28T19:00:00+05:30,2026-10-01,,3300.00,,USR-083,,2026-09-28T19:00:00+05:30
PO-00563,SHOP-043,SUP-001,placed,2026-09-28T19:00:00+05:30,2026-09-30,,2850.00,,USR-085,,2026-09-28T19:00:00+05:30
PO-00564,SHOP-047,SUP-012,placed,2026-09-28T19:00:00+05:30,2026-10-02,,6500.00,,USR-093,,2026-09-28T19:00:00+05:30
PO-00565,SHOP-050,SUP-003,placed,2026-09-28T19:00:00+05:30,2026-10-02,,2550.00,,USR-099,,2026-09-28T19:00:00+05:30
PO-00566,SHOP-006,SUP-001,placed,2026-09-29T19:00:00+05:30,2026-10-01,,600.00,,USR-011,,2026-09-29T19:00:00+05:30
PO-00567,SHOP-007,SUP-009,received,2026-09-29T19:00:00+05:30,2026-09-30,2026-09-30T10:00:00+05:30,1940.00,,USR-013,,2026-09-29T19:00:00+05:30
PO-00568,SHOP-014,SUP-006,placed,2026-09-29T19:00:00+05:30,2026-10-02,,3300.00,,USR-027,,2026-09-29T19:00:00+05:30
PO-00569,SHOP-020,SUP-001,placed,2026-09-29T19:00:00+05:30,2026-10-01,,1650.00,,USR-039,,2026-09-29T19:00:00+05:30
PO-00570,SHOP-023,SUP-002,placed,2026-09-29T19:00:00+05:30,2026-10-02,,3360.00,,USR-045,,2026-09-29T19:00:00+05:30
PO-00571,SHOP-026,SUP-003,placed,2026-09-29T19:00:00+05:30,2026-10-03,,1400.00,,USR-051,,2026-09-29T19:00:00+05:30
PO-00572,SHOP-029,SUP-012,placed,2026-09-29T19:00:00+05:30,2026-10-03,,6500.00,,USR-057,,2026-09-29T19:00:00+05:30
PO-00573,SHOP-030,SUP-001,placed,2026-09-29T19:00:00+05:30,2026-10-01,,5700.00,,USR-059,,2026-09-29T19:00:00+05:30
PO-00574,SHOP-036,SUP-001,placed,2026-09-29T19:00:00+05:30,2026-10-01,,2850.00,,USR-071,,2026-09-29T19:00:00+05:30
PO-00575,SHOP-040,SUP-008,placed,2026-09-29T19:00:00+05:30,2026-10-01,,480.00,,USR-079,,2026-09-29T19:00:00+05:30
PO-00576,SHOP-043,SUP-003,placed,2026-09-29T19:00:00+05:30,2026-10-03,,1400.00,,USR-085,,2026-09-29T19:00:00+05:30
PO-00577,SHOP-047,SUP-012,placed,2026-09-29T19:00:00+05:30,2026-10-03,,4500.00,,USR-093,,2026-09-29T19:00:00+05:30
PO-00578,SHOP-011,SUP-002,placed,2026-09-30T19:00:00+05:30,2026-10-03,,1800.00,,USR-021,,2026-09-30T19:00:00+05:30
PO-00579,SHOP-012,SUP-010,placed,2026-09-30T19:00:00+05:30,2026-10-01,,800.00,,USR-023,,2026-09-30T19:00:00+05:30
PO-00580,SHOP-020,SUP-002,placed,2026-09-30T19:00:00+05:30,2026-10-03,,500.00,,USR-039,,2026-09-30T19:00:00+05:30
PO-00581,SHOP-025,SUP-004,placed,2026-09-30T19:00:00+05:30,2026-10-05,,10800.00,,USR-049,,2026-09-30T19:00:00+05:30
PO-00582,SHOP-039,SUP-003,placed,2026-09-30T19:00:00+05:30,2026-10-04,,2100.00,,USR-077,,2026-09-30T19:00:00+05:30
PO-00583,SHOP-044,SUP-009,placed,2026-09-30T19:00:00+05:30,2026-10-01,,660.00,,USR-087,,2026-09-30T19:00:00+05:30
PO-00584,SHOP-001,SUP-002,placed,2026-09-29T19:00:00+05:30,2026-10-02,,3900.00,,USR-001,,2026-09-29T19:00:00+05:30
PO-00585,SHOP-002,SUP-004,placed,2026-09-18T19:00:00+05:30,2026-09-23,,28800.00,,USR-003,,2026-09-18T19:00:00+05:30
PO-00586,SHOP-003,SUP-008,partially_received,2026-09-24T19:00:00+05:30,2026-09-26,2026-09-26T10:00:00+05:30,6900.00,,USR-005,,2026-09-24T19:00:00+05:30
PO-00587,SHOP-002,SUP-005,draft,,,,14500.00,Festival season painting demand,USR-004,,2026-09-30T11:00:00+05:30
