purchase_order_id,product_id,quantity_ordered,quantity_received,unit_cost
PO-00001,PRD-1178,8,8,550.00
PO-00002,PRD-0178,25,25,75.00
PO-00003,PRD-1256,10,10,173.00
PO-00004,PRD-0877,10,10,1150.00
PO-00005,PRD-0183,10,10,980.00
PO-00006,PRD-1110,15,15,380.00
PO-00007,PRD-0449,10,10,90.00
PO-00008,PRD-0465,15,15,180.00
PO-00009,PRD-0702,10,10,90.00
PO-00010,PRD-0247,10,10,1150.00
PO-00011,PRD-0472,12,12,90.00
PO-00012,PRD-0920,15,15,220.00
PO-00013,PRD-1092,20,20,40.00
PO-00014,PRD-1233,15,15,380.00
PO-00015,PRD-0629,24,24,140.00
PO-00016,PRD-0807,10,10,165.00
PO-00017,PRD-1185,20,20,90.00
PO-00018,PRD-0085,12,12,290.00
PO-00019,PRD-0251,20,20,85.00
PO-00020,PRD-0404,15,15,403.00
PO-00021,PRD-0073,10,10,180.00
PO-00022,PRD-0481,40,40,40.00
PO-00023,PRD-0627,10,10,1150.00
PO-00024,PRD-0909,25,25,75.00
PO-00025,PRD-0914,10,10,980.00
PO-00026,PRD-0156,20,20,75.00
PO-00027,PRD-0652,20,17,70.00
PO-00028,PRD-1133,10,10,175.00
PO-00029,PRD-0399,10,10,1150.00
PO-00030,PRD-0480,15,15,380.00
PO-00031,PRD-0605,25,16,75.00
PO-00032,PRD-0503,10,6,165.00
PO-00033,PRD-0252,15,15,410.00
PO-00034,PRD-0334,10,10,1450.00
PO-00035,PRD-0684,20,20,75.00
PO-00036,PRD-0863,10,10,450.00
PO-00037,PRD-0911,25,25,85.00
PO-00038,PRD-1090,12,12,120.00
PO-00039,PRD-1228,10,10,1150.00
PO-00040,PRD-0303,15,15,380.00
PO-00041,PRD-0866,10,10,650.00
PO-00042,PRD-0385,10,10,450.00
PO-00043,PRD-0905,10,10,165.00
PO-00044,PRD-0915,15,15,320.00
PO-00045,PRD-0947,3,3,450.00
PO-00046,PRD-0258,15,15,140.00
PO-00047,PRD-1044,15,15,180.00
PO-00048,PRD-1236,30,23,130.00
PO-00049,PRD-0247,10,10,1150.00
PO-00050,PRD-0683,30,30,30.00
PO-00051,PRD-0872,15,13,65.00
PO-00052,PRD-0924,8,8,1350.00
PO-00053,PRD-1032,25,25,75.00
PO-00054,PRD-0082,30,30,30.00
PO-00055,PRD-0178,25,25,75.00
PO-00056,PRD-0551,10,10,1150.00
PO-00057,PRD-0587,12,12,120.00
PO-00058,PRD-0638,15,15,140.00
PO-00059,PRD-0784,15,10,380.00
PO-00060,PRD-1099,3,3,450.00
PO-00061,PRD-0189,15,15,220.00
PO-00062,PRD-0396,8,8,550.00
PO-00063,PRD-0442,30,30,12.00
PO-00064,PRD-0811,20,20,75.00
PO-00065,PRD-0092,15,15,60.00
PO-00066,PRD-0184,15,15,320.00
PO-00067,PRD-0433,12,12,290.00
PO-00068,PRD-0470,12,12,210.00
PO-00069,PRD-0556,15,15,380.00
PO-00070,PRD-0769,15,15,180.00
PO-00071,PRD-0858,20,20,280.00
PO-00072,PRD-0879,24,24,140.00
PO-00073,PRD-0917,15,15,120.00
PO-00074,PRD-0593,10,10,110.00
PO-00075,PRD-1105,10,10,1219.00
PO-00076,PRD-0444,3,3,450.00
PO-00077,PRD-0688,12,12,120.00
PO-00078,PRD-0697,3,3,450.00
PO-00079,PRD-0829,10,10,90.00
PO-00080,PRD-0926,12,12,210.00
PO-00081,PRD-0972,20,20,32.00
PO-00082,PRD-0620,8,8,1350.00
PO-00083,PRD-0692,20,20,45.00
PO-00084,PRD-0759,25,25,85.00
PO-00085,PRD-1051,12,12,90.00
PO-00086,PRD-1101,25,25,36.00
PO-00087,PRD-0399,10,10,1150.00
PO-00087,PRD-0427,10,10,165.00
PO-00088,PRD-0588,30,22,32.00
PO-00089,PRD-0694,10,7,110.00
PO-00090,PRD-0862,12,12,650.00
PO-00091,PRD-0913,10,10,1450.00
PO-00092,PRD-1087,20,20,52.00
PO-00093,PRD-0105,20,20,280.00
PO-00094,PRD-0266,20,16,30.00
PO-00095,PRD-0826,25,25,36.00
PO-00096,PRD-0160,12,12,120.00
PO-00097,PRD-0182,10,10,1450.00
PO-00098,PRD-0278,30,30,30.00
PO-00099,PRD-0287,20,20,45.00
PO-00100,PRD-0326,10,10,165.00
PO-00101,PRD-0417,20,20,35.00
PO-00102,PRD-0486,15,15,140.00
PO-00103,PRD-0685,20,15,52.00
PO-00104,PRD-0690,20,20,40.00
PO-00105,PRD-0955,24,24,140.00
PO-00106,PRD-0063,20,20,95.00
PO-00107,PRD-0458,10,10,980.00
PO-00108,PRD-0689,30,30,32.00
PO-00109,PRD-0817,20,12,40.00
PO-00110,PRD-0880,20,20,115.00
PO-00111,PRD-0035,25,25,85.00
PO-00112,PRD-0152,10,10,165.00
PO-00113,PRD-0306,30,30,130.00
PO-00114,PRD-1099,3,3,450.00
PO-00115,PRD-0129,15,15,410.00
PO-00116,PRD-0250,20,20,115.00
PO-00117,PRD-0293,12,12,60.00
PO-00118,PRD-0484,20,20,165.00
PO-00119,PRD-0584,20,20,52.00
PO-00120,PRD-0608,12,12,650.00
PO-00121,PRD-0698,12,12,60.00
PO-00122,PRD-0789,24,24,110.00
PO-00123,PRD-0810,30,30,30.00
PO-00124,PRD-0969,20,20,30.00
PO-00125,PRD-1086,20,20,75.00
PO-00126,PRD-0127,20,20,115.00
PO-00127,PRD-0402,20,20,115.00
PO-00128,PRD-0693,15,15,60.00
PO-00129,PRD-1037,10,10,980.00
PO-00130,PRD-1163,15,15,140.00
PO-00131,PRD-1166,12,12,650.00
PO-00131,PRD-1167,10,10,450.00
PO-00131,PRD-1179,15,15,80.00
PO-00132,PRD-0256,20,20,165.00
PO-00133,PRD-0427,10,10,165.00
PO-00134,PRD-1211,12,12,290.00
PO-00135,PRD-0107,10,10,450.00
PO-00136,PRD-0175,80,80,360.00
PO-00137,PRD-0253,40,40,40.00
PO-00138,PRD-0313,20,12,25.00
PO-00139,PRD-0431,20,20,77.00
PO-00140,PRD-0699,25,25,36.00
PO-00141,PRD-0169,3,3,450.00
PO-00142,PRD-0248,30,30,95.00
PO-00143,PRD-0440,15,15,60.00
PO-00144,PRD-0561,24,24,110.00
PO-00145,PRD-0823,25,25,16.00
PO-00146,PRD-0907,40,40,160.00
PO-00147,PRD-0927,12,12,140.00
PO-00148,PRD-1091,30,30,32.00
PO-00149,PRD-0029,10,10,165.00
PO-00150,PRD-0109,12,12,650.00
PO-00151,PRD-0411,48,48,22.00
PO-00152,PRD-0436,30,30,32.00
PO-00152,PRD-0443,25,25,15.00
PO-00153,PRD-0655,10,10,165.00
PO-00154,PRD-0695,30,30,12.00
PO-00155,PRD-0867,10,10,150.00
PO-00156,PRD-1059,15,15,380.00
PO-00157,PRD-1227,10,10,90.00
PO-00158,PRD-1250,24,24,85.00
PO-00159,PRD-1256,10,10,173.00
PO-00160,PRD-0292,3,3,450.00
PO-00161,PRD-0475,10,10,1150.00
PO-00162,PRD-0479,20,20,85.00
PO-00163,PRD-0807,10,10,165.00
PO-00164,PRD-0819,20,20,45.00
PO-00165,PRD-0944,10,10,110.00
PO-00166,PRD-0981,10,10,165.00
PO-00167,PRD-1109,20,20,85.00
PO-00168,PRD-1129,24,24,75.00
PO-00169,PRD-0089,20,20,40.00
PO-00170,PRD-0247,10,10,1150.00
PO-00171,PRD-0631,20,20,85.00
PO-00172,PRD-0942,20,20,45.00
PO-00173,PRD-0058,30,30,50.00
PO-00174,PRD-0331,20,20,90.00
PO-00175,PRD-0859,15,12,140.00
PO-00176,PRD-1230,24,24,140.00
PO-00177,PRD-0130,40,40,40.00
PO-00178,PRD-0155,30,30,30.00
PO-00179,PRD-0185,30,30,45.00
PO-00180,PRD-0193,8,8,1350.00
PO-00181,PRD-0275,10,10,165.00
PO-00182,PRD-0300,24,24,140.00
PO-00183,PRD-0480,15,15,380.00
PO-00184,PRD-0818,25,25,25.00
PO-00185,PRD-0877,10,10,1150.00
PO-00186,PRD-0930,10,10,110.00
PO-00187,PRD-0958,15,15,380.00
PO-00188,PRD-0990,20,20,95.00
PO-00189,PRD-1115,24,24,110.00
PO-00190,PRD-0347,12,12,210.00
PO-00191,PRD-0409,24,24,110.00
PO-00192,PRD-0419,20,20,30.00
PO-00193,PRD-0432,20,20,52.00
PO-00194,PRD-0438,25,25,25.00
PO-00195,PRD-0820,15,15,60.00
PO-00196,PRD-0866,10,10,650.00
PO-00197,PRD-1248,20,20,28.00
PO-00198,PRD-0255,30,30,130.00
PO-00199,PRD-0468,8,8,1350.00
PO-00200,PRD-0815,12,12,120.00
PO-00201,PRD-0862,12,12,650.00
PO-00202,PRD-1226,24,24,20.00
PO-00203,PRD-0158,12,12,290.00
PO-00204,PRD-0265,20,20,35.00
PO-00205,PRD-0289,10,10,110.00
PO-00206,PRD-0503,10,10,165.00
PO-00207,PRD-0681,100,100,25.00
PO-00208,PRD-0781,24,24,140.00
PO-00209,PRD-0874,8,8,550.00
PO-00210,PRD-0963,24,24,110.00
PO-00211,PRD-0004,20,20,115.00
PO-00212,PRD-0026,20,20,70.00
PO-00213,PRD-0195,12,12,210.00
PO-00214,PRD-0407,30,30,130.00
PO-00215,PRD-0882,15,15,380.00
PO-00216,PRD-1223,12,12,60.00
PO-00217,PRD-1243,20,20,25.00
PO-00218,PRD-0001,10,10,1150.00
PO-00219,PRD-0034,20,20,102.00
PO-00220,PRD-0044,15,15,220.00
PO-00221,PRD-0121,8,8,550.00
PO-00222,PRD-0424,20,20,70.00
PO-00223,PRD-0455,25,25,85.00
PO-00224,PRD-0464,15,15,220.00
PO-00225,PRD-0636,20,20,165.00
PO-00226,PRD-0768,15,15,220.00
PO-00227,PRD-0828,24,24,20.00
PO-00228,PRD-0959,40,40,40.00
PO-00229,PRD-0623,12,12,140.00
PO-00230,PRD-0641,60,60,12.00
PO-00231,PRD-0710,12,12,650.00
PO-00232,PRD-1035,12,12,650.00
PO-00233,PRD-1185,20,20,90.00
PO-00234,PRD-0263,20,20,30.00
PO-00235,PRD-0597,12,12,60.00
PO-00236,PRD-0637,24,24,110.00
PO-00237,PRD-0787,30,30,130.00
PO-00238,PRD-0816,30,30,32.00
PO-00239,PRD-0936,12,12,290.00
PO-00240,PRD-1093,25,25,25.00
PO-00241,PRD-1116,15,15,140.00
PO-00242,PRD-1217,20,20,45.00
PO-00243,PRD-0086,50,50,10.00
PO-00244,PRD-0131,30,30,18.00
PO-00245,PRD-0336,15,15,320.00
PO-00246,PRD-0380,20,20,280.00
PO-00247,PRD-0446,25,22,36.00
PO-00248,PRD-0716,12,12,380.00
PO-00249,PRD-0784,15,15,380.00
PO-00250,PRD-0883,40,40,40.00
PO-00251,PRD-0919,30,30,45.00
PO-00252,PRD-0003,24,24,140.00
PO-00253,PRD-0261,60,60,12.00
PO-00254,PRD-0404,15,15,403.00
PO-00255,PRD-0573,24,24,85.00
PO-00256,PRD-0758,20,20,94.00
PO-00257,PRD-0871,20,20,65.00
PO-00258,PRD-0893,20,20,30.00
PO-00259,PRD-0909,25,25,75.00
PO-00260,PRD-0941,25,25,25.00
PO-00261,PRD-1215,20,17,40.00
PO-00262,PRD-0085,12,12,290.00
PO-00263,PRD-0103,20,20,120.00
PO-00264,PRD-0383,24,24,110.00
PO-00265,PRD-0509,30,30,35.00
PO-00266,PRD-0536,12,12,650.00
PO-00267,PRD-0711,10,10,450.00
PO-00268,PRD-0734,20,20,165.00
PO-00269,PRD-0997,30,30,25.00
PO-00270,PRD-1038,15,15,320.00
PO-00271,PRD-1096,10,10,110.00
PO-00272,PRD-1127,24,24,85.00
PO-00273,PRD-1133,10,10,175.00
PO-00274,PRD-1234,40,40,40.00
PO-00275,PRD-0087,12,12,120.00
PO-00276,PRD-0335,10,10,980.00
PO-00277,PRD-0401,24,24,140.00
PO-00278,PRD-0585,12,12,290.00
PO-00279,PRD-0779,10,10,1150.00
PO-00280,PRD-0782,20,20,115.00
PO-00281,PRD-0865,60,60,40.00
PO-00282,PRD-0906,80,80,360.00
PO-00283,PRD-0922,60,60,10.00
PO-00284,PRD-0091,20,20,45.00
PO-00285,PRD-0113,10,10,650.00
PO-00286,PRD-0147,36,36,18.00
PO-00287,PRD-0257,24,24,110.00
PO-00288,PRD-0400,30,30,95.00
PO-00289,PRD-0674,10,10,180.00
PO-00290,PRD-0708,10,10,450.00
PO-00291,PRD-0801,24,24,89.00
PO-00292,PRD-0812,20,20,52.00
PO-00293,PRD-1238,24,24,110.00
PO-00294,PRD-0141,20,20,12.00
PO-00295,PRD-0150,24,24,25.00
PO-00296,PRD-0171,25,25,36.00
PO-00297,PRD-0423,24,24,79.00
PO-00298,PRD-0497,24,18,85.00
PO-00299,PRD-0562,15,15,140.00
PO-00300,PRD-0696,25,25,15.00
PO-00301,PRD-0790,15,15,140.00
PO-00302,PRD-1160,20,20,120.00
PO-00303,PRD-1228,10,10,1150.00
PO-00304,PRD-0081,60,60,32.00
PO-00305,PRD-0128,20,20,85.00
PO-00306,PRD-0283,12,12,120.00
PO-00307,PRD-0298,10,10,1150.00
PO-00308,PRD-0454,20,20,97.00
PO-00309,PRD-0477,24,24,140.00
PO-00309,PRD-0478,20,20,115.00
PO-00310,PRD-0596,3,3,450.00
PO-00311,PRD-0643,20,20,30.00
PO-00312,PRD-0736,15,11,148.00
PO-00313,PRD-0956,20,20,115.00
PO-00314,PRD-1209,20,20,75.00
PO-00315,PRD-1233,15,15,380.00
PO-00316,PRD-0384,12,12,650.00
PO-00317,PRD-0441,10,10,110.00
PO-00318,PRD-0485,24,18,110.00
PO-00319,PRD-0813,12,12,290.00
PO-00319,PRD-0827,30,30,22.00
PO-00320,PRD-0888,15,15,140.00
PO-00321,PRD-0933,30,30,30.00
PO-00322,PRD-0308,24,24,110.00
PO-00323,PRD-0471,12,12,140.00
PO-00324,PRD-0476,30,30,95.00
PO-00325,PRD-0559,30,30,134.00
PO-00326,PRD-0617,15,15,180.00
PO-00327,PRD-1224,25,25,36.00
PO-00328,PRD-0088,30,30,32.00
PO-00329,PRD-0450,80,80,360.00
PO-00330,PRD-0488,48,48,18.00
PO-00331,PRD-0579,10,6,165.00
PO-00332,PRD-0598,25,25,36.00
PO-00333,PRD-0683,30,30,30.00
PO-00333,PRD-0700,30,30,23.00
PO-00334,PRD-0945,30,30,12.00
PO-00335,PRD-0982,30,30,230.00
PO-00336,PRD-1110,15,15,380.00
PO-00337,PRD-1247,20,20,30.00
PO-00338,PRD-0328,40,40,160.00
PO-00339,PRD-0349,12,12,90.00
PO-00340,PRD-0414,20,20,25.00
PO-00341,PRD-0430,30,30,30.00
PO-00342,PRD-0439,20,20,45.00
PO-00343,PRD-0639,48,48,22.00
PO-00344,PRD-0824,3,3,450.00
PO-00345,PRD-0899,24,24,92.00
PO-00346,PRD-0962,20,20,165.00
PO-00347,PRD-1199,8,8,1350.00
PO-00348,PRD-0014,48,48,18.00
PO-00349,PRD-0060,30,30,35.00
PO-00350,PRD-0152,10,10,170.00
PO-00351,PRD-0233,10,10,450.00
PO-00352,PRD-0247,10,10,1150.00
PO-00353,PRD-0284,30,30,32.00
PO-00354,PRD-0317,20,20,32.00
PO-00355,PRD-0399,10,10,1150.00
PO-00356,PRD-0567,20,20,30.00
PO-00357,PRD-0605,25,25,75.00
PO-00358,PRD-0613,15,15,120.00
PO-00359,PRD-1094,20,20,45.00
PO-00360,PRD-1188,10,10,1450.00
PO-00361,PRD-0268,48,32,28.00
PO-00362,PRD-0309,15,15,140.00
PO-00363,PRD-0314,20,20,30.00
PO-00364,PRD-0481,40,40,40.00
PO-00365,PRD-0502,30,30,15.00
PO-00366,PRD-0856,20,20,120.00
PO-00366,PRD-0872,15,15,65.00
PO-00367,PRD-0923,50,50,65.00
PO-00368,PRD-1100,12,12,60.00
PO-00369,PRD-1222,3,3,450.00
PO-00370,PRD-0169,3,3,450.00
PO-00371,PRD-0180,25,25,85.00
PO-00372,PRD-0397,15,15,80.00
PO-00373,PRD-0458,10,10,980.00
PO-00374,PRD-0491,20,20,30.00
PO-00375,PRD-0445,12,12,60.00
PO-00376,PRD-0456,12,12,650.00
PO-00376,PRD-0461,15,15,120.00
PO-00377,PRD-0914,10,10,980.00
PO-00378,PRD-0921,15,15,180.00
PO-00379,PRD-1186,25,25,85.00
PO-00380,PRD-1237,20,13,165.00
PO-00381,PRD-0345,8,8,1350.00
PO-00382,PRD-0415,20,20,30.00
PO-00383,PRD-0575,24,24,75.00
PO-00384,PRD-0646,20,20,30.00
PO-00385,PRD-0685,20,14,52.00
PO-00386,PRD-0805,24,24,25.00
PO-00387,PRD-0905,10,10,165.00
PO-00388,PRD-1044,15,15,180.00
PO-00389,PRD-1214,30,30,32.00
PO-00390,PRD-0006,15,15,380.00
PO-00391,PRD-0009,30,30,130.00
PO-00392,PRD-0126,24,24,140.00
PO-00393,PRD-0143,20,20,30.00
PO-00394,PRD-0629,24,15,140.00
PO-00395,PRD-0632,15,15,380.00
PO-00395,PRD-0634,30,30,18.00
PO-00396,PRD-0691,25,25,25.00
PO-00397,PRD-0780,30,30,95.00
PO-00397,PRD-0807,10,10,165.00
PO-00398,PRD-0911,25,25,85.00
PO-00398,PRD-0924,8,8,1350.00
PO-00398,PRD-0928,12,12,90.00
PO-00399,PRD-0051,12,12,140.00
PO-00400,PRD-0124,10,10,1150.00
PO-00401,PRD-0132,30,30,130.00
PO-00401,PRD-0133,20,20,165.00
PO-00402,PRD-0189,15,15,220.00
PO-00403,PRD-0334,10,10,1450.00
PO-00404,PRD-0555,20,20,85.00
PO-00405,PRD-0083,20,20,75.00
PO-00406,PRD-0108,24,24,126.00
PO-00406,PRD-0112,60,60,40.00
PO-00407,PRD-0305,30,30,18.00
PO-00408,PRD-0405,40,40,40.00
PO-00409,PRD-0483,30,30,130.00
PO-00410,PRD-0487,48,48,22.00
PO-00411,PRD-1219,10,10,110.00
PO-00412,PRD-0269,24,24,85.00
PO-00413,PRD-0312,60,60,12.00
PO-00414,PRD-0589,20,20,40.00
PO-00415,PRD-0753,10,10,165.00
PO-00416,PRD-0926,12,12,210.00
PO-00417,PRD-0938,12,12,120.00
PO-00418,PRD-1216,25,25,25.00
PO-00419,PRD-0001,10,10,1150.00
PO-00420,PRD-0011,24,20,110.00
PO-00421,PRD-0090,25,25,25.00
PO-00422,PRD-0146,24,24,85.00
PO-00423,PRD-0408,20,20,165.00
PO-00424,PRD-0482,30,30,18.00
PO-00425,PRD-0595,25,25,15.00
PO-00426,PRD-0786,30,30,18.00
PO-00427,PRD-1196,15,15,180.00
PO-00428,PRD-1236,30,30,130.00
PO-00429,PRD-0453,25,25,75.00
PO-00430,PRD-0992,40,40,19.00
PO-00431,PRD-1092,20,20,40.00
PO-00431,PRD-1097,30,30,12.00
PO-00432,PRD-1133,10,10,175.00
PO-00433,PRD-1251,36,36,18.00
PO-00434,PRD-0020,20,20,30.00
PO-00435,PRD-0139,20,20,28.00
PO-00436,PRD-0323,20,20,70.00
PO-00437,PRD-0822,30,30,12.00
PO-00438,PRD-1105,10,10,1219.00
PO-00439,PRD-0033,25,25,75.00
PO-00440,PRD-0093,10,10,110.00
PO-00441,PRD-0162,20,20,40.00
PO-00441,PRD-0164,20,20,45.00
PO-00442,PRD-0252,15,15,410.00
PO-00443,PRD-0879,24,24,140.00
PO-00444,PRD-0912,12,12,670.00
PO-00445,PRD-1047,8,8,1350.00
PO-00446,PRD-0038,10,10,980.00
PO-00447,PRD-0116,12,12,280.00
PO-00448,PRD-0140,20,20,30.00
PO-00449,PRD-0163,25,25,25.00
PO-00450,PRD-0249,24,24,140.00
PO-00451,PRD-0303,15,15,380.00
PO-00452,PRD-0385,10,10,450.00
PO-00453,PRD-0457,10,10,1566.00
PO-00453,PRD-0459,15,15,320.00
PO-00454,PRD-0495,20,17,28.00
PO-00455,PRD-0633,40,29,40.00
PO-00456,PRD-0946,25,25,15.00
PO-00457,PRD-1235,30,30,18.00
PO-00458,PRD-0036,12,12,650.00
PO-00459,PRD-0045,15,15,180.00
PO-00460,PRD-0167,30,30,13.00
PO-00461,PRD-0230,10,8,450.00
PO-00462,PRD-0554,20,20,115.00
PO-00463,PRD-0601,10,10,90.00
PO-00464,PRD-0651,24,24,75.00
PO-00465,PRD-0655,10,10,165.00
PO-00466,PRD-0697,3,3,450.00
PO-00467,PRD-1049,12,12,210.00
PO-00468,PRD-1106,30,30,103.00
PO-00469,PRD-1175,20,20,60.00
PO-00470,PRD-0135,15,15,140.00
PO-00470,PRD-0149,20,20,70.00
PO-00471,PRD-0280,20,20,52.00
PO-00472,PRD-0321,36,36,19.00
PO-00473,PRD-0583,20,20,75.00
PO-00474,PRD-0630,20,20,115.00
PO-00475,PRD-0684,20,14,75.00
PO-00476,PRD-0706,20,20,280.00
PO-00477,PRD-0721,8,8,180.00
PO-00477,PRD-0723,15,15,80.00
PO-00478,PRD-0887,24,24,116.00
PO-00479,PRD-0994,24,24,45.00
PO-00480,PRD-1085,30,30,30.00
PO-00481,PRD-1111,40,40,40.00
PO-00482,PRD-1206,100,100,25.00
PO-00483,PRD-0176,40,40,168.00
PO-00484,PRD-0178,25,25,75.00
PO-00485,PRD-0216,12,12,85.00
PO-00486,PRD-0403,20,20,85.00
PO-00487,PRD-0425,24,24,25.00
PO-00488,PRD-0475,10,10,1150.00
PO-00489,PRD-0600,24,24,20.00
PO-00490,PRD-0638,15,15,140.00
PO-00491,PRD-0857,20,20,50.00
PO-00492,PRD-0913,10,10,1450.00
PO-00493,PRD-0985,30,30,50.00
PO-00494,PRD-1131,24,24,25.00
PO-00495,PRD-0095,25,25,15.00
PO-00495,PRD-0097,12,12,60.00
PO-00496,PRD-0100,24,24,20.00
PO-00497,PRD-0191,60,39,10.00
PO-00498,PRD-0222,20,20,30.00
PO-00499,PRD-0299,30,30,95.00
PO-00500,PRD-0302,20,20,85.00
PO-00501,PRD-0498,36,36,18.00
PO-00502,PRD-0588,30,18,32.00
PO-00503,PRD-0697,3,3,450.00
PO-00504,PRD-0825,12,12,60.00
PO-00505,PRD-0861,24,24,116.00
PO-00506,PRD-0084,20,20,52.00
PO-00507,PRD-0188,30,30,45.00
PO-00508,PRD-0494,20,20,30.00
PO-00509,PRD-0715,10,10,150.00
PO-00510,PRD-1142,20,20,95.00
PO-00511,PRD-1210,20,20,52.00
PO-00512,PRD-0098,25,25,36.00
PO-00513,PRD-0175,80,80,360.00
PO-00513,PRD-0179,20,20,90.00
PO-00513,PRD-0193,8,8,1350.00
PO-00514,PRD-0558,30,30,18.00
PO-00515,PRD-0585,12,12,290.00
PO-00516,PRD-0694,10,10,110.00
PO-00517,PRD-1056,24,16,140.00
PO-00518,PRD-1064,24,24,110.00
PO-00519,PRD-1088,12,12,290.00
PO-00520,PRD-1121,20,14,30.00
PO-00521,PRD-0110,10,0,450.00
PO-00522,PRD-0165,15,15,60.00
PO-00523,PRD-0199,10,10,113.00
PO-00524,PRD-0260,48,48,18.00
PO-00525,PRD-0275,10,10,165.00
PO-00526,PRD-0557,40,27,40.00
PO-00527,PRD-0686,12,12,290.00
PO-00528,PRD-0725,10,10,1208.00
PO-00529,PRD-0820,15,15,60.00
PO-00530,PRD-0860,10,10,450.00
PO-00530,PRD-0869,12,12,280.00
PO-00531,PRD-0885,30,30,130.00
PO-00532,PRD-0977,24,24,75.00
PO-00533,PRD-0008,30,30,18.00
PO-00534,PRD-0196,12,0,140.00
PO-00535,PRD-0407,30,30,140.00
PO-00536,PRD-0551,10,10,1150.00
PO-00537,PRD-0719,20,0,60.00
PO-00538,PRD-0731,40,40,40.00
PO-00539,PRD-0863,10,0,450.00
PO-00540,PRD-0909,25,0,75.00
PO-00541,PRD-0916,30,30,45.00
PO-00542,PRD-0921,15,15,180.00
PO-00543,PRD-0949,25,25,36.00
PO-00544,PRD-1240,48,48,22.00
PO-00545,PRD-0416,20,0,12.00
PO-00546,PRD-0449,10,10,90.00
PO-00547,PRD-0582,30,30,30.00
PO-00548,PRD-0644,20,0,12.00
PO-00549,PRD-0661,30,0,35.00
PO-00550,PRD-0690,20,20,40.00
PO-00551,PRD-0821,10,10,110.00
PO-00552,PRD-0829,10,10,90.00
PO-00553,PRD-0864,80,0,25.00
PO-00554,PRD-0914,10,0,980.00
PO-00555,PRD-0930,10,0,110.00
PO-00556,PRD-1005,20,0,55.00
PO-00557,PRD-0125,30,30,95.00
PO-00558,PRD-0279,20,20,75.00
PO-00559,PRD-0326,10,10,165.00
PO-00560,PRD-0794,20,0,25.00
PO-00561,PRD-0855,40,0,70.00
PO-00562,PRD-1043,15,0,220.00
PO-00563,PRD-1055,30,0,95.00
PO-00564,PRD-1170,10,0,650.00
PO-00565,PRD-1239,15,0,140.00
PO-00565,PRD-1255,30,0,15.00
PO-00566,PRD-0144,20,0,30.00
PO-00567,PRD-0157,20,20,52.00
PO-00567,PRD-0174,10,10,90.00
PO-00568,PRD-0341,15,0,220.00
PO-00569,PRD-0503,10,0,165.00
PO-00570,PRD-0553,24,0,140.00
PO-00571,PRD-0652,20,0,70.00
PO-00572,PRD-0714,10,0,650.00
PO-00573,PRD-0730,15,0,380.00
PO-00574,PRD-0878,30,0,95.00
PO-00575,PRD-0999,40,0,12.00
PO-00576,PRD-1079,20,0,70.00
PO-00577,PRD-1164,10,0,450.00
PO-00578,PRD-0251,20,0,90.00
PO-00579,PRD-0285,20,0,40.00
PO-00580,PRD-0490,20,0,25.00
PO-00581,PRD-0620,8,0,1350.00
PO-00582,PRD-0964,15,0,140.00
PO-00583,PRD-1102,30,0,22.00
PO-00584,PRD-0009,30,0,130.00
PO-00585,PRD-0030,80,0,360.00
PO-00586,PRD-0055,30,20,230.00
PO-00587,PRD-0037,10,0,1450.00
