id,name,shop_type,owner_name,phone,locality,city,opened_on,created_at
SHOP-001,Sri Lakshmi Kirana Store,kirana,Ramesh Naidu,+91-00000-10001,Gandhi Nagar,Demo City,2014-06-01,2026-07-02T08:00:00+05:30
SHOP-002,Balaji Hardware & Paints,hardware,Suresh Patel,+91-00000-10002,Station Road,Demo City,2011-03-15,2026-07-02T08:00:00+05:30
SHOP-003,Vidya Stationery & Xerox,stationery,Anita Sharma,+91-00000-10003,College Road,Demo City,2018-07-01,2026-07-02T08:00:00+05:30
SHOP-004,Nandini Dairy & Bakery,dairy_bakery,Kavya Reddy,+91-00000-10004,Gandhi Nagar,Demo City,2019-01-10,2026-07-02T08:00:00+05:30
SHOP-005,Smart Mobile Accessories,mobile_accessories,Imran Khan,+91-00000-10005,Market Street,Demo City,2021-08-20,2026-07-02T08:00:00+05:30
SHOP-006,Annapurna General Stores,kirana,Venkatesh Gowda,+91-00000-10006,Lake View Colony,Demo City,2016-04-12,2026-07-02T08:00:00+05:30
SHOP-007,Fresh Daily Dairy,dairy_bakery,Lakshmi Prasad,+91-00000-10007,Teachers Colony,Demo City,2020-02-03,2026-07-02T08:00:00+05:30
SHOP-008,Sri Ganesh Hardware,hardware,Mohan Rao,+91-00000-10008,Industrial Area,Demo City,2009-09-14,2026-07-02T08:00:00+05:30
SHOP-009,Student's Choice Stationery,stationery,Farida Begum,+91-00000-10009,College Road,Demo City,2017-06-19,2026-07-02T08:00:00+05:30
SHOP-010,City Mobile Accessories,mobile_accessories,Gurpreet Singh,+91-00000-10010,Bazaar Lane,Demo City,2022-01-10,2026-07-02T08:00:00+05:30
SHOP-011,Sai Ram Provision Store,kirana,Harish Kulkarni,+91-00000-10011,Rajaji Nagar,Demo City,2012-11-05,2026-07-02T08:00:00+05:30
SHOP-012,Sunrise Bakery & Dairy,dairy_bakery,Savitha Nair,+91-00000-10012,Green Park,Demo City,2018-08-27,2026-07-02T08:00:00+05:30
SHOP-013,Krishna Kirana & General,kirana,Rajesh Agarwal,+91-00000-10013,Old Town,Demo City,2007-03-21,2026-07-02T08:00:00+05:30
SHOP-014,Bharat Paints & Hardware,hardware,Meenakshi Iyer,+91-00000-10014,Station Road,Demo City,2015-05-30,2026-07-02T08:00:00+05:30
SHOP-015,Saraswati Book Stall,stationery,Abdul Rahman,+91-00000-10015,Temple Street,Demo City,2013-07-08,2026-07-02T08:00:00+05:30
SHOP-016,Digital Point Mobiles,mobile_accessories,Bhaskar Reddy,+91-00000-10016,Market Street,Demo City,2019-10-16,2026-07-02T08:00:00+05:30
SHOP-017,Lakshmi Narayana Stores,kirana,Jyothi Menon,+91-00000-10017,Housing Board Colony,Demo City,2010-01-25,2026-07-02T08:00:00+05:30
SHOP-018,Golden Oven Bakery,dairy_bakery,Prakash Shetty,+91-00000-10018,Nehru Park,Demo City,2021-03-14,2026-07-02T08:00:00+05:30
SHOP-019,Ambika Building Materials,hardware,Sandeep Joshi,+91-00000-10019,Canal Road,Demo City,2014-12-02,2026-07-02T08:00:00+05:30
SHOP-020,Venkateshwara Supermart,kirana,Nirmala Devi,+91-00000-10020,Gandhi Nagar,Demo City,2011-06-17,2026-07-02T08:00:00+05:30
SHOP-021,Gyan Ganga Books & Stationery,stationery,Kiran Parikh,+91-00000-10021,Hospital Road,Demo City,2016-09-09,2026-07-02T08:00:00+05:30
SHOP-022,Gadget Galaxy,mobile_accessories,Ashok Chauhan,+91-00000-10022,Bus Stand Road,Demo City,2023-04-21,2026-07-02T08:00:00+05:30
SHOP-023,New Bharat Provisions,kirana,Fatima Khatoon,+91-00000-10023,Railway Colony,Demo City,2008-08-18,2026-07-02T08:00:00+05:30
SHOP-024,Shree Dairy Point,dairy_bakery,Ganesh Pillai,+91-00000-10024,Lake View Colony,Demo City,2017-02-11,2026-07-02T08:00:00+05:30
SHOP-025,National Hardware Mart,hardware,Rekha Banerjee,+91-00000-10025,Mill Road,Demo City,2012-04-04,2026-07-02T08:00:00+05:30
SHOP-026,Mahalakshmi Departmental Store,kirana,Satish Naik,+91-00000-10026,Station Road,Demo City,2015-10-01,2026-07-02T08:00:00+05:30
SHOP-027,Campus Xerox & Stationery,stationery,Zubair Ahmed,+91-00000-10027,College Road,Demo City,2020-07-13,2026-07-02T08:00:00+05:30
SHOP-028,Cream & Crust Bakery,dairy_bakery,Vimala Kumari,+91-00000-10028,Market Street,Demo City,2019-12-06,2026-07-02T08:00:00+05:30
SHOP-029,Mobile Care Centre,mobile_accessories,Harpreet Kaur,+91-00000-10029,Fort Area,Demo City,2018-05-24,2026-07-02T08:00:00+05:30
SHOP-030,Gowri Shankar Kirana,kirana,Narayana Swamy,+91-00000-10030,Temple Street,Demo City,2009-02-16,2026-07-02T08:00:00+05:30
SHOP-031,Raj Electricals & Hardware,hardware,Deepa Chandran,+91-00000-10031,Bus Stand Road,Demo City,2016-11-28,2026-07-02T08:00:00+05:30
SHOP-032,Ganesh Super Bazaar,kirana,Manjunath Bhat,+91-00000-10032,Housing Board Colony,Demo City,2013-03-09,2026-07-02T08:00:00+05:30
SHOP-033,Kamadhenu Dairy,dairy_bakery,Shabana Parveen,+91-00000-10033,Old Town,Demo City,2014-08-19,2026-07-02T08:00:00+05:30
SHOP-034,Aksharaa Stationers,stationery,Ravindra Pawar,+91-00000-10034,Teachers Colony,Demo City,2021-06-02,2026-07-02T08:00:00+05:30
SHOP-035,Tech Zone Accessories,mobile_accessories,Usha Rani,+91-00000-10035,Market Street,Demo City,2020-11-11,2026-07-02T08:00:00+05:30
SHOP-036,Shivam General Store,kirana,Tarun Mehra,+91-00000-10036,Rajaji Nagar,Demo City,2017-09-23,2026-07-02T08:00:00+05:30
SHOP-037,Vishwakarma Hardware Stores,hardware,Balaram Naidu,+91-00000-10037,Industrial Area,Demo City,2008-01-30,2026-07-02T08:00:00+05:30
SHOP-038,Sweet Bites Bakery,dairy_bakery,Kamala Devi,+91-00000-10038,Gandhi Nagar,Demo City,2022-09-05,2026-07-02T08:00:00+05:30
SHOP-039,Maruti Provision Mart,kirana,Ismail Qureshi,+91-00000-10039,Canal Road,Demo City,2012-07-14,2026-07-02T08:00:00+05:30
SHOP-040,Kalam Stationery Mart,stationery,Poonam Gupta,+91-00000-10040,Hospital Road,Demo City,2018-01-22,2026-07-02T08:00:00+05:30
SHOP-041,Charge Point,mobile_accessories,Chandra Mohan,+91-00000-10041,Railway Colony,Demo City,2022-12-08,2026-07-02T08:00:00+05:30
SHOP-042,Jai Hind Hardware & Sanitary,hardware,Anjali Deshpande,+91-00000-10042,Mill Road,Demo City,2010-10-10,2026-07-02T08:00:00+05:30
SHOP-043,Padmavathi Stores,kirana,Sridhar Acharya,+91-00000-10043,Green Park,Demo City,2014-04-15,2026-07-02T08:00:00+05:30
SHOP-044,Surabhi Dairy,dairy_bakery,Roshan Lal,+91-00000-10044,Nehru Park,Demo City,2016-12-18,2026-07-02T08:00:00+05:30
SHOP-045,Raghavendra Kirana,kirana,Parvathi Amma,+91-00000-10045,Old Town,Demo City,2011-09-26,2026-07-02T08:00:00+05:30
SHOP-046,Pen & Paper House,stationery,Yusuf Sayyed,+91-00000-10046,Bazaar Lane,Demo City,2019-03-03,2026-07-02T08:00:00+05:30
SHOP-047,Phone Mart,mobile_accessories,Nandakumar Nair,+91-00000-10047,Bus Stand Road,Demo City,2017-01-17,2026-07-02T08:00:00+05:30
SHOP-048,Modern Tools & Paints,hardware,Sunil Biswas,+91-00000-10048,Station Road,Demo City,2013-11-20,2026-07-02T08:00:00+05:30
SHOP-049,Morning Fresh Dairy,dairy_bakery,Girija Prasad,+91-00000-10049,Hospital Road,Demo City,2023-07-29,2026-07-02T08:00:00+05:30
SHOP-050,Sri Sai Daily Needs,kirana,Latha Krishnan,+91-00000-10050,Housing Board Colony,Demo City,2019-06-06,2026-07-02T08:00:00+05:30
