id,shop_id,name,role,phone,is_active,created_at
USR-001,SHOP-001,Ramesh Naidu,owner,+91-00000-40001,True,2026-07-02T08:00:00+05:30
USR-002,SHOP-001,Sunita Rao,staff,+91-00000-40002,True,2026-07-02T08:00:00+05:30
USR-003,SHOP-002,Suresh Patel,owner,+91-00000-40003,True,2026-07-02T08:00:00+05:30
USR-004,SHOP-002,Manoj Yadav,staff,+91-00000-40004,True,2026-07-02T08:00:00+05:30
USR-005,SHOP-003,Anita Sharma,owner,+91-00000-40005,True,2026-07-02T08:00:00+05:30
USR-006,SHOP-003,Rahul Das,staff,+91-00000-40006,True,2026-07-02T08:00:00+05:30
USR-007,SHOP-004,Kavya Reddy,owner,+91-00000-40007,True,2026-07-02T08:00:00+05:30
USR-008,SHOP-004,Arun Kumar,staff,+91-00000-40008,True,2026-07-02T08:00:00+05:30
USR-009,SHOP-005,Imran Khan,owner,+91-00000-40009,True,2026-07-02T08:00:00+05:30
USR-010,SHOP-005,Deepak Singh,staff,+91-00000-40010,True,2026-07-02T08:00:00+05:30
USR-011,SHOP-006,Venkatesh Gowda,owner,+91-00000-40011,True,2026-07-02T08:00:00+05:30
USR-012,SHOP-006,Pooja Shenoy,staff,+91-00000-40012,True,2026-07-02T08:00:00+05:30
USR-013,SHOP-007,Lakshmi Prasad,owner,+91-00000-40013,True,2026-07-02T08:00:00+05:30
USR-014,SHOP-007,Naveen Kumar,staff,+91-00000-40014,True,2026-07-02T08:00:00+05:30
USR-015,SHOP-008,Mohan Rao,owner,+91-00000-40015,True,2026-07-02T08:00:00+05:30
USR-016,SHOP-008,Kavitha Rao,staff,+91-00000-40016,True,2026-07-02T08:00:00+05:30
USR-017,SHOP-009,Farida Begum,owner,+91-00000-40017,True,2026-07-02T08:00:00+05:30
USR-018,SHOP-009,Salman Ansari,staff,+91-00000-40018,True,2026-07-02T08:00:00+05:30
USR-019,SHOP-010,Gurpreet Singh,owner,+91-00000-40019,True,2026-07-02T08:00:00+05:30
USR-020,SHOP-010,Jaspreet Kaur,staff,+91-00000-40020,True,2026-07-02T08:00:00+05:30
USR-021,SHOP-011,Harish Kulkarni,owner,+91-00000-40021,True,2026-07-02T08:00:00+05:30
USR-022,SHOP-011,Vinay Naik,staff,+91-00000-40022,True,2026-07-02T08:00:00+05:30
USR-023,SHOP-012,Savitha Nair,owner,+91-00000-40023,True,2026-07-02T08:00:00+05:30
USR-024,SHOP-012,Divya Pillai,staff,+91-00000-40024,True,2026-07-02T08:00:00+05:30
USR-025,SHOP-013,Rajesh Agarwal,owner,+91-00000-40025,True,2026-07-02T08:00:00+05:30
USR-026,SHOP-013,Mukesh Sharma,staff,+91-00000-40026,True,2026-07-02T08:00:00+05:30
USR-027,SHOP-014,Meenakshi Iyer,owner,+91-00000-40027,True,2026-07-02T08:00:00+05:30
USR-028,SHOP-014,Swathi Reddy,staff,+91-00000-40028,True,2026-07-02T08:00:00+05:30
USR-029,SHOP-015,Abdul Rahman,owner,+91-00000-40029,True,2026-07-02T08:00:00+05:30
USR-030,SHOP-015,Irfan Shaikh,staff,+91-00000-40030,True,2026-07-02T08:00:00+05:30
USR-031,SHOP-016,Bhaskar Reddy,owner,+91-00000-40031,True,2026-07-02T08:00:00+05:30
USR-032,SHOP-016,Mahesh Yadav,staff,+91-00000-40032,True,2026-07-02T08:00:00+05:30
USR-033,SHOP-017,Jyothi Menon,owner,+91-00000-40033,True,2026-07-02T08:00:00+05:30
USR-034,SHOP-017,Anitha Joseph,staff,+91-00000-40034,True,2026-07-02T08:00:00+05:30
USR-035,SHOP-018,Prakash Shetty,owner,+91-00000-40035,True,2026-07-02T08:00:00+05:30
USR-036,SHOP-018,Rohit Pai,staff,+91-00000-40036,True,2026-07-02T08:00:00+05:30
USR-037,SHOP-019,Sandeep Joshi,owner,+91-00000-40037,True,2026-07-02T08:00:00+05:30
USR-038,SHOP-019,Ankita Singh,staff,+91-00000-40038,True,2026-07-02T08:00:00+05:30
USR-039,SHOP-020,Nirmala Devi,owner,+91-00000-40039,True,2026-07-02T08:00:00+05:30
USR-040,SHOP-020,Sudha Rao,staff,+91-00000-40040,True,2026-07-02T08:00:00+05:30
USR-041,SHOP-021,Kiran Parikh,owner,+91-00000-40041,True,2026-07-02T08:00:00+05:30
USR-042,SHOP-021,Vikram Patil,staff,+91-00000-40042,True,2026-07-02T08:00:00+05:30
USR-043,SHOP-022,Ashok Chauhan,owner,+91-00000-40043,True,2026-07-02T08:00:00+05:30
USR-044,SHOP-022,Neha Verma,staff,+91-00000-40044,True,2026-07-02T08:00:00+05:30
USR-045,SHOP-023,Fatima Khatoon,owner,+91-00000-40045,True,2026-07-02T08:00:00+05:30
USR-046,SHOP-023,Shahid Ali,staff,+91-00000-40046,True,2026-07-02T08:00:00+05:30
USR-047,SHOP-024,Ganesh Pillai,owner,+91-00000-40047,True,2026-07-02T08:00:00+05:30
USR-048,SHOP-024,Arvind Nair,staff,+91-00000-40048,True,2026-07-02T08:00:00+05:30
USR-049,SHOP-025,Rekha Banerjee,owner,+91-00000-40049,True,2026-07-02T08:00:00+05:30
USR-050,SHOP-025,Mamata Das,staff,+91-00000-40050,True,2026-07-02T08:00:00+05:30
USR-051,SHOP-026,Satish Naik,owner,+91-00000-40051,True,2026-07-02T08:00:00+05:30
USR-052,SHOP-026,Tejas Kamath,staff,+91-00000-40052,True,2026-07-02T08:00:00+05:30
USR-053,SHOP-027,Zubair Ahmed,owner,+91-00000-40053,True,2026-07-02T08:00:00+05:30
USR-054,SHOP-027,Rizwan Khan,staff,+91-00000-40054,True,2026-07-02T08:00:00+05:30
USR-055,SHOP-028,Vimala Kumari,owner,+91-00000-40055,True,2026-07-02T08:00:00+05:30
USR-056,SHOP-028,Bindu Madhavi,staff,+91-00000-40056,True,2026-07-02T08:00:00+05:30
USR-057,SHOP-029,Harpreet Kaur,owner,+91-00000-40057,True,2026-07-02T08:00:00+05:30
USR-058,SHOP-029,Amandeep Gill,staff,+91-00000-40058,True,2026-07-02T08:00:00+05:30
USR-059,SHOP-030,Narayana Swamy,owner,+91-00000-40059,True,2026-07-02T08:00:00+05:30
USR-060,SHOP-030,Sushma Naidu,staff,+91-00000-40060,True,2026-07-02T08:00:00+05:30
USR-061,SHOP-031,Deepa Chandran,owner,+91-00000-40061,True,2026-07-02T08:00:00+05:30
USR-062,SHOP-031,Kishore Babu,staff,+91-00000-40062,True,2026-07-02T08:00:00+05:30
USR-063,SHOP-032,Manjunath Bhat,owner,+91-00000-40063,True,2026-07-02T08:00:00+05:30
USR-064,SHOP-032,Lavanya Hegde,staff,+91-00000-40064,True,2026-07-02T08:00:00+05:30
USR-065,SHOP-033,Shabana Parveen,owner,+91-00000-40065,True,2026-07-02T08:00:00+05:30
USR-066,SHOP-033,Nasreen Taj,staff,+91-00000-40066,True,2026-07-02T08:00:00+05:30
USR-067,SHOP-034,Ravindra Pawar,owner,+91-00000-40067,True,2026-07-02T08:00:00+05:30
USR-068,SHOP-034,Pradeep Rane,staff,+91-00000-40068,True,2026-07-02T08:00:00+05:30
USR-069,SHOP-035,Usha Rani,owner,+91-00000-40069,True,2026-07-02T08:00:00+05:30
USR-070,SHOP-035,Sowmya Bhat,staff,+91-00000-40070,True,2026-07-02T08:00:00+05:30
USR-071,SHOP-036,Tarun Mehra,owner,+91-00000-40071,True,2026-07-02T08:00:00+05:30
USR-072,SHOP-036,Dinesh Soni,staff,+91-00000-40072,True,2026-07-02T08:00:00+05:30
USR-073,SHOP-037,Balaram Naidu,owner,+91-00000-40073,True,2026-07-02T08:00:00+05:30
USR-074,SHOP-037,Hemanth Kumar,staff,+91-00000-40074,True,2026-07-02T08:00:00+05:30
USR-075,SHOP-038,Kamala Devi,owner,+91-00000-40075,True,2026-07-02T08:00:00+05:30
USR-076,SHOP-038,Padma Priya,staff,+91-00000-40076,True,2026-07-02T08:00:00+05:30
USR-077,SHOP-039,Ismail Qureshi,owner,+91-00000-40077,True,2026-07-02T08:00:00+05:30
USR-078,SHOP-039,Aslam Pasha,staff,+91-00000-40078,True,2026-07-02T08:00:00+05:30
USR-079,SHOP-040,Poonam Gupta,owner,+91-00000-40079,True,2026-07-02T08:00:00+05:30
USR-080,SHOP-040,Ritu Malhotra,staff,+91-00000-40080,True,2026-07-02T08:00:00+05:30
USR-081,SHOP-041,Chandra Mohan,owner,+91-00000-40081,True,2026-07-02T08:00:00+05:30
USR-082,SHOP-041,Santhosh Shetty,staff,+91-00000-40082,True,2026-07-02T08:00:00+05:30
USR-083,SHOP-042,Anjali Deshpande,owner,+91-00000-40083,True,2026-07-02T08:00:00+05:30
USR-084,SHOP-042,Geetha Nambiar,staff,+91-00000-40084,True,2026-07-02T08:00:00+05:30
USR-085,SHOP-043,Sridhar Acharya,owner,+91-00000-40085,True,2026-07-02T08:00:00+05:30
USR-086,SHOP-043,Varun Menon,staff,+91-00000-40086,True,2026-07-02T08:00:00+05:30
USR-087,SHOP-044,Roshan Lal,owner,+91-00000-40087,True,2026-07-02T08:00:00+05:30
USR-088,SHOP-044,Anuradha Nayak,staff,+91-00000-40088,True,2026-07-02T08:00:00+05:30
USR-089,SHOP-045,Parvathi Amma,owner,+91-00000-40089,True,2026-07-02T08:00:00+05:30
USR-090,SHOP-045,Gopal Krishna,staff,+91-00000-40090,True,2026-07-02T08:00:00+05:30
USR-091,SHOP-046,Yusuf Sayyed,owner,+91-00000-40091,True,2026-07-02T08:00:00+05:30
USR-092,SHOP-046,Shaista Parveen,staff,+91-00000-40092,True,2026-07-02T08:00:00+05:30
USR-093,SHOP-047,Nandakumar Nair,owner,+91-00000-40093,True,2026-07-02T08:00:00+05:30
USR-094,SHOP-047,Abhishek Mishra,staff,+91-00000-40094,True,2026-07-02T08:00:00+05:30
USR-095,SHOP-048,Sunil Biswas,owner,+91-00000-40095,True,2026-07-02T08:00:00+05:30
USR-096,SHOP-048,Rukmini Bai,staff,+91-00000-40096,True,2026-07-02T08:00:00+05:30
USR-097,SHOP-049,Girija Prasad,owner,+91-00000-40097,True,2026-07-02T08:00:00+05:30
USR-098,SHOP-049,Faisal Mir,staff,+91-00000-40098,True,2026-07-02T08:00:00+05:30
USR-099,SHOP-050,Latha Krishnan,owner,+91-00000-40099,True,2026-07-02T08:00:00+05:30
USR-100,SHOP-050,Sneha Kulkarni,staff,+91-00000-40100,True,2026-07-02T08:00:00+05:30
USR-101,,ORM_AI Admin,admin,,True,2026-07-02T08:00:00+05:30
